中文译名,日文原名,,出道年份,备注
爱染恭子,廴竟ё(あいぞめ きょうこ）,,1981年,青山凉子
竹村v佳,竹村v佳(たけむら ゆうか）,,1981年,
田口由香里,田口ゆかり(たぐち ゆかり）,,1982年,
朝吹凯特,朝吹ケイト(あさぶき けいと）Kate Asabuki,,1983年,
八神康子,八神康子（やがみ やすこ）,,1983年,本名:八重尾 やす子（やえお やすこ）
桥本杏子,虮拘幼樱à悉筏猡 きょうこ）,,1983年,
中村京子,中村京子（なかむら きょうこ）,,1983年,
竹下由香里,竹下ゆかり（たけした ゆかり）yukari takeshita,,1983年,
田代叶子,田代~子（たしろ ようこ）,,1983年,
田所裕美子,田所裕美子（たどころ ゆみこ）,,1983年,
叶山丽子,~山 レイコ（はやま れいこ）,,1984年,
大泷かつ美,大訾つ美（おおたき かつみ）,,1984年,中山モモコ
早见瞳,早瞳（はやみ ひとみ）,,1984年,吉g有希子-いずみ由香-会g由香
青木琴美,青木 琴美（あおき ことみ）,,1984年,
青木v子,青木v子（あおき ゆうこ）,,1984年,
神谷琴绘,神谷琴}（かみや ことえ）,,1984年,堀田よしえ
北原ちあき,北原ちあき（きたはら ちあき）,,1984年,
神代弓子,神代弓子（イヴ）EVE,,1984年,
渡ミク,渡ミク（わたせ みく）,,1984年,
南ももこ,南ももこ（みなみ ももこ）,,1984年,大原安子
早坂明记,早坂明（はやさか あき）,,1984年,
田村v子,田村v子（たむら ゆうこ）,,1984年,
岛崎梨乃,u崎梨乃（しまざき りの）,,1984年,
青山丽,青山（あおやま れい）,,1985年,
阿川いづみ,阿川いづみ（あがわ いづみ）,,1985年,
小川理沙,小川アリサ（おがわ ありさ）,,1985年,
菊池惠理,菊池えり（きくち えり）,,1985年,菊地えり-秋本 麻衣-比野 由美子-石川 江梨子-菊池 エリ
井上华奈,井上A奈（いのうえ かな）,,1985年,井上华菜-井上可奈-井上可菜-井上かな
井上あんり,井上あんり（いのうえあんり）,,1985年,1996死亡
星杏奈,星 杏奈（ほし あんな）,,1985年,出道时以赛车女郎活跃，2010年以AV女优复出
|谷直美,|谷直美（かじたに なおみ）,,1985年,
\gひとみ,\gひとみ（くろさわ ひとみ）,,1985年,片冈树里
和田良美,和田よしみ（わだ よしみ）,,1985年,
吉川マリ,吉川マリ（よしかわ まり）,,1985年,
松田由美,松田由美（まつだ ゆみ）,,1985年,
村上レイ,村上レイ（むらかみ れい）,,1985年,
早川爱美,早川勖溃à悉浃わ まなみ）,,1985年,
永井阳子,永井子（ながい ようこ）,,1985年,
中川えり子,中川えり子（なかがわ えりこ）,,1985年,中川 }里-佐藤えり子-三桥江梨子-桐岛{
中g庆子,中gc子（なかざわ けいこ）,,1985年,
立川纯子,立川ひとみ（たちかわ ひとみ）,,1985年,
杉田香织,杉田かおり（すぎた かおり）,,1985年,松原ゆかり
杉下なおみ,杉下なおみ（すぎした なおみ）,,1985年,
泽口久美,g口久美（さわぐち くみ）,,1985年,
泽木优子,g木ゆう子（さわき ゆうこ）,,1985年,g木夕子
小林瞳,小林ひとみ（こばやし ひとみ）,,1986年,2003年引退(松本 かおり)
爱川深雪,鄞ㄉ钛（あいかわみゆき）,,1986年,
上杉久美,上杉久美（うえすぎ くみ）,,1986年,藤井里奈
相原久美,相原久美（あいはら くみ）,,1986年,
雨野夕纪,雨野夕o（あまの ゆき）,,1986年,
织田めぐみ,田めぐみ（おだ めぐみ）,,1986年,
朝仓美里,朝}美里（あさくら みさと）,,1986年,
小仓千夜子,小}千夜子（おぐら ちやこ）,,1986年,
麻美ケイ,麻美ケイ（あさみ けい）,,1986年,
麻生,麻生 危àそう みお）,,1986年,
秋元知美,秋元 ともみ（あきもと ともみ）Tomomi Akimoto,,1986年,
加贺惠子,加R{子（かが けいこ）,,1986年,
舵川まり子,舵川まり子（かじかわ まりこ）,,1986年,
加藤みゆ纪,加藤みゆo（かとうみゆき）,,1986年,
叶丽华,叶A（かのう れいか）,,1986年,
加桥梨奈,加蚶婺危àはし りな）,,1986年,宝条辉美
川副ひとみ,川副ひとみ（かわぞえ ひとみ）,,1986年,神城美沙人、青木クリス
岸本圭,岸本圭（きしもと けい）,,1986年,新田{美(にった えみ)
北村美加,北村美加（きたむた みか）,,1986年,
宫条优子,ml子（くじょう ゆうこ）,,1986年,
仓田ひろみ,}田ひろみ（くらた ひろみ）,,1986年,
栗原あさみ,栗原あさみ（くりはら あさみ）,,1986年,
\木香,\木香（くろき かおる）,,1986年,
渡x边玖未,渡x玖未（わたなべ くみ）,,1986年,
山崎かおり,山崎かおり（やまざき かおり）,,1986年,富永 留利子
松冈爱子,松圩樱à蓼膜か あいこ）,,1986年,源à辘-あかね-大矢子
松友伊代,松友伊代（まつとも いよ）,,1986年,仁藤 伊都里
真夏ゆかり,真夏ゆかり（まなつ ゆかり）,,1986年,
星川ミグ,星川ミグ（ほしかわ ミグ）,,1986年,水g 友纪（みずさわ ゆき）
速水舞,速水舞（はやみ まい）,,1986年,
原田杨子,原田钭樱à悉椁馈・瑜Δ常,,1986年,
宫めぐみ,mめぐみ（ひめみや めぐみ）,,1986年,星 真琴（ほし まこと）、森田 {子（もりた けいこ）、森田 ほたる（もりた ほたる）
仲山みゆき,仲山みゆき（なかやま みゆき）,,1986年,
高杉レイ,高杉レイ（たかすぎ れい）,,1986年,
高桥ますみ,高颏蓼工撸à郡はし ますみ）,,1986年,
立原友香,立原友香（たちはら ゆか）,,1986年,
德大寺笙子,源笏麦献樱à趣だいじ しょうこ）,,1986年,
岛田香织,u田香（しまだ かおり）,,1986年,优美かおり
S宫とも子,Smとも子（しのみや ともこ）,,1986年,藤谷佐和子
沙罗树,沙_洌à丹 いつき）,,1986年,桥本ルミ
秋ちえみ,秋ちえみ（あき ちえみ）,,1987年,
树ますみ,洹・蓼工撸àい膜　ますみ）,,1987年,
朝吹摩耶,朝吹摩耶（あさぶき まや）,,1987年,N田圣梨华
雨宫时空子,雨mr空子（あまみや ときこ）,,1987年,墨田 ユキ（すみだ ゆき）-本名:小松 由纪子(こまつ ゆきこ)
浅间るい,浅g るい（あさま るい）,,1987年,
浅仓麻里,浅}麻里（あさくら まり）,,1987年,
麻田夏子,麻田夏子（あさだ なつこ）,,1987年,
荻野目翔子,荻野目翔子（おぎのめ しょうこ）,,1987年,
东 清美,| 清美（あずま きよみ）,,1987年,中 ひろみ
东 桐子,| 桐子（あずま きりこ）,,1987年,藤川 纪
石田くみ,石田くみ（いしだ くみ）,,1987年,百まりも
石原圭以子,石原圭以子（いしはら けいこ）,,1987年,百まりも
伊藤冬美,伊藤冬美（いとう ふゆみ）,,1987年,
冈本沙弥,本沙弥（おかもと さや）,,1987年,
かがみ爱,かがみ郏àがみ めぐみ）,,1987年,
风间零,Lg零（かざま れい）,,1987年,
北原美枝,北原美枝（かわいさとみ）,,1987年,
河合奈保,河合奈保（かわい なお）,,1987年,
木内玲子,木内玲子（きうち れいこ）,,1987年,
北野洋子,北野洋子（きたの ようこ）,,1987年,
木下}里花,木下}里花（きのした えりか）,,1987年,
木村さやか,木村さやか（きむら さやか）,,1987年,
栗原早记,栗原早（くりはら さき）,,1987年,
渡x由美,渡x由美（わたなべ ゆみ）,,1987年,
梁川りお,梁川りお（やながわ りお）,,1987年,早川のぞみ、浜田みどり、星野はるみ、可爱アンナ、染川りお子、芳山知子
山岸めぐみ,山岸めぐみ（やまぎし めぐみ）,,1987年,山岸{
结城麻美,Y城麻美（ゆうき あさみ）,,1987年,
吉田密流,吉田密流（よしだ みつる）,,1987年,
舞坂ゆい,舞坂ゆい（まいさか ゆい）,,1987年,
前原v子,前原v子（まえはら ゆうこ）,,1987年,
松川ともみ,松川ともみ（まつかわ ともみ）,,1987年,
岬まどか,岬まどか（みさき まどか）,,1987年,
美[由纪,美[由o（みほ ゆき）,,1987年,
美丽阳子,美子（みれい ようこ）,,1987年,
林里奈,林里奈（はやし りな）,,1987年,
叶山みどり,~山みどり（はやま みどり）,,1987年,南风ひろみ（みなみかぜ ひろみ）-日高はるみ（ひだか はるみ）
番匠爱,番匠郏à肖螭筏绀 あい）,,1987年,
野真利,野真利（ひめの まりあ）,,1987年,
谔铯蓼,谔铯蓼撸à窑恧 まみ）,,1987年,沙绪-谔 まゆみ-高树 なぎさ
藤あかね,藤あかね（ふじ あかね）,,1987年,原田优子、藤木优子
藤gまりの,藤gまりの（ふじさわ まりの）,,1987年,
中野理{,中野理{（なかの りえ）,,1987年,
高树阳子,高潢子（たかぎ ようこ）,,1987年,
高桥めぐみ,高颏幛挨撸à郡はし めぐみ）,,1987年,
高原ルミ,高原ルミ（たかはら るみ）,,1987年,高原流美
田中ミカ,田中ミカ（たなか みか）,,1987年,
鸨ルリ子,dルリ子（とき るりこ）,,1987年,
白浜なぎさ,白浜なぎさ（しらはま なぎさ）,,1987年,
白木麻弥,白木麻弥（しらき まや）,,1987年,
g田ユカ,g田ユカ（さわだ ゆか）,,1987年,
@gありす,@gありす（さくらざわ ありす）,,1987年,
甑耗涡,u奈w（さえじま なお）,,1987年,2012患癌逝世
冈本千夏,本千夏（おかもと ちなつ）,,1988年,
冈本百合,本 百合（おかもと ゆり）,,1988年,冈村百合-永井夕贵
植田千珈,植田千珈（うえだ ちか）,,1988年,杉本麻央（すぎもと まお）
村上丽奈,村上 奈（むらかみ れな）,,1988年,
田中露央沙,田中露央沙（たなか ろおさ）,,1988年,冈崎 美央-多岐川 梨沙
井上美树,井上美洌àい韦Δ みき）,,1988年,
石川真理绘,石川 真理}（いしかわ まりえ）,,1988年,
小森爱,小森,,1988年,1988年出道，是宇宙企划培养第一代少女偶像，也拍了不少写真集
松本麻里奈,松本 まりな（まつもと まりな）,,1988年,
鲇川真理,R川 真理（あゆかわ まり）,,1988年,
伊藤友美,伊藤友美（いとう ともみ）,,1988年,
浅仓ケイ,浅}ケイ（あさくら けい）,,1988年,
N丸,N丸（とよまる）,,1988年,甲斐 えりか
柏木よしみ,柏木よしみ（かしわぎ よしみ）,,1988年,
香取i美,香取i美（かとり ふみ）,,1988年,
叶顺子,叶子（かのう じゅんこ）,,1988年,
岸本かおる,岸本かおる（きしもと かおる）,,1988年,
桐毪妞,桐毪妞Γàりしま ゆう）,,1988年,青山 里美
桐生舞子,桐生舞子（きりゅう まいこ）,,1988年,
小泉朝子,小泉朝子（こいずみ あさこ）,,1988年,
八岛かおる,八uかおる（やじま かおる）,,1988年,
结城つかさ,Y城つかさ（ゆうき つかさ）,,1988年,
结城ゆかり,Y城ゆかり（ゆうき ゆかり）,,1988年,
牧本千幸,牧本千幸（まきもと ちゆき）,,1988年,
松本まりな,松本まりな（まつもと まりな）,,1988年,
水树美,水美（みずき あみ）,,1988年,あいはら ゆか-三田 香织
村上庆子,村上c子（むらかみ けいこ）,,1988年,
叶山レイコ,~山レイコ（はやま れいこ）,,1988年,
日向まこ,日向まこ（ひゅうが まこ）,,1988年,いじり 魔子
诮}美沙,诮}美沙（ひろえ みさ）,,1988年,
藤森真奈,藤森真奈（ふじもり まな）,,1988年,
星野小百合,星野小百合（ほしのさゆり）,,1988年,もこちゃん、优里香
本田静香,本田静香（ほんだ しずか）,,1988年,
直木弓,直木弓（なおき あゆみ）,,1988年,
长崎みどり,L崎みどり（ながさき みどり）,,1988年,
中岛小夜子,中u小夜子（なかじま さよこ）,,1988年,高宜 ひかる
中村由贵,中村由F（なかむら ゆき）,,1988年,なかむら ゆき
仲村梨沙,仲村梨沙（なかむら りさ）,,1988年,
后藤 えり子,後藤 えり子（ごとう えりこ）,,1988年,西崎彩
沼木かほる,沼木かほる（ぬまき かほる）,,1988年,
野g麻衣,野g麻衣（のざわ まい）,,1988年,
田中露央沙,田中露央沙（たなか ろおさ）,,1988年,冈崎 美央-多岐川 梨沙
千代君,千代君（ちよぎみ）,,1988年,
远山あかね,h山あかね（とおやま あかね）,,1988年,
杉森久美子,杉森久美子（すぎもり くみこ）,,1988年,
杉本笑,杉本笑（すぎもと えみ）,,1988年,
g村杏子,g村杏子（さわむら きょうこ）,,1988年,
D田葵,D田葵（さきた あおい）,,1988年,
坂口兰子,坂口m子（さかぐち らんこ）,,1988年,小N丸
林 由美香,本名 小栗 由美香（はやし ゆみか）,,1989年,2005过世。
松坂季实子,松坂 季g子（まつざか きみこ）,,1989年,
树まり子,浃蓼曜樱àい膜 まりこ）,,1989年,青木さえ子-树マリ子
明日香ちなみ,明日香ちなみ（あすか ちなみ）,,1989年,
伊藤麻子,伊藤麻子（いとう あさこ）,,1989年,
伊东惠,伊|{（いとう けい）,,1989年,杉本みゆき
伊藤さやか,伊藤さやか（いとう さやか）,,1989年,
上田美绪,上田美w（うえだ みお）,,1989年,
秋山美晴,秋山美晴（あきやま みはる）,,1989年,
麻仓ルミ,麻}ルミ（あさくら るみ）,,1989年,
麻宫千圣,麻m千}（あさみや ちさと）,,1989年,
爱川瞳,鄞ㄍ（あいかわ ひとみ）,,1989年,
柏木ゆかり,柏木ゆかり（柏木ゆかり）,,1989年,いとう しいな-椎名かほり
安藤加奈,安藤加奈（あんどう かな）,,1989年,
大岛理绘,大u理}（おおしま りえ）,,1989年,
小野由美,小野由美（おの ゆみ）,,1989年,
冈田优奈,田奈（おかだ ゆうな）,,1989年,
浅仓尚美,浅}尚美（あさくら なおみ）,,1989年,
浅见唯,浅唯（あさくら なおみ）,,1989年,
浅野しおり,浅野しおり（あさの しおり）,,1989年,
小川つぐみ,小川つぐみ（おがわ つぐみ）,,1989年,
小泽奈美,小g奈美（おざわ なみ）,,1989年,
朝比奈 树里,朝比奈 淅铮àさひな　じゅり）,,1989年,
爱田ゆう子,厶铯妞ψ樱àいだ ゆうこ）,,1989年,藤崎真奈
片桐绫,片桐c（かたぎり あや）,,1989年,
桂木美雪,桂木美雪（かつらぎ みゆき）,,1989年,
川岛优子,川u子（かわしま ゆうこ）,,1989年,
川原琴美,川原琴美（かわはら ことみ）,,1989年,藤ゆかり
神崎めぐみ,神崎めぐみ（かんざき めぐみ）,,1989年,
如月まゆみ,如月まゆみ（きさらぎ まゆみ）,,1989年,
木田彩水,木田彩水（きだ あやみ）,,1989年,
木下裕子,木下裕子（きのした ゆうこ）,,1989年,水树ありさ、工藤リエ
清舞,清舞（きよひめ まい）,,1989年,
工藤ひとみ,工藤ひとみ（くどう ひとみ）,,1989年,真田なるみ-坂下真巳
山本留美,山本留美（やまもと るみ）,,1989年,
忧花かすみ,n花かすみ（ゆうか かすみ ）,,1989年,小野爱
梦野まみ,粢挨蓼撸à妞幛 まみ）,,1989年,
青山ちはる,青山ちはる（あおやま ちはる）,,1989年,松下 ルミ
林かづき,林かづき（はやし かづき）,,1989年,
靠诶锵,靠诶锵悖à窑挨 りか）,,1989年,
藤本圣名子,藤本}名子（ふじもと みなこ）,,1989年,本名：盘 美弥子
[高奈奈,[高奈奈（ほだか なな）,,1989年,
永井一叶,永井一~（ながいかずは）,,1989年,
中尾加奈子,中尾加奈子（なかお かなこ）,,1989年,
中原}美,中原}美（なかはら えみ）,,1989年,
西麻布丽,西麻布（にしあざぶ れい）,,1989年,g田矢
西荻恭子,西荻恭子（にしおぎ きょうこ）,,1989年,
西浜りえ,西浜りえ（にしはま りえ）,,1989年,
西本直美,西本直美（にしもと なおみ）,,1989年,
沼原朱美,沼原朱美（ぬまはら あけみ）,,1989年,
野坂なつみ,野坂なつみ（のさか なつみ）,,1989年,
高城v里,高城v里（たかぎ ゆり）,,1989年,
高仓真理子,高}真理子（たかくら まりこ）,,1989年,
田代水},田代水}（たしろ みずえ）,,1989年,
仙叶由季,仙~由季（せんば ゆき）YUKI SENBA,,1989年,
芹g里绪,芹g里w（せりざわ りお）,,1989年,
杉本みゆき,杉本みゆき（すぎもと みゆき）,,1989年,伊东{
庄司みゆき,庄司みゆき（しょうじ みゆき）,,1989年,
g木まりえ,g木まりえ（さわき まりえ）,,1989年,
沙也加,沙也加（さやか）,,1988年,浅井 沙也加
@树ルイ,@浈毳ぃà丹らぎ るい）,,1989年,相g 美纪-一ノ 雅子
加山夏子,加山 なつこ（かやま なつこ）,,1989年,1990年引退，2004年复出。
丸山明代,丸山明代（あいだもも）,,1990年,
木下惠美,木下めぐみ（きのした めぐみ）,,1990年,
北原ななせ,北原ななせ（きたはら ななせ）,,1990年,
甲斐みづき,甲斐みづき（かい みづき）,,1990年,
白石瞳,白石ひとみ（しらいし ひとみ）,,1990年,（引退）
希志真理子,希志真理子（きし まりこ）,,1990年,
卑弥呼,卑弥呼（ひみこ）,,1990年,
雨宫夏子,雨m夏子（あまみや なつこ）,,1990年,
明野美忧,あけの美n（あけの みゆう）,,1990年,
赤川绘理,赤川}理（あかがわ えり）,,1990年,
美仓ケイ,美} ケイ（みくら）,,1990年,有森丽（ありもり れい）
荒木美操,荒木美操（あらき みさお）,,1990年,
浅间夕子,浅g夕子（あさま ゆうこ）,,1990年,
麻仓真纪,麻}真o（あさくら まき）,,1990年,
菊池夕香,菊池夕香（きくちゆか）,,1990年,
朝比奈めぐみ,朝比奈めぐみ（あさひな めぐみ）,,1990年,伊集院美子（引退）
镜亚子,R 子（かがみ あこ）,,1990年,
芦屋瞳,J屋瞳（あしや ひとみ）,,1990年,
丽华,A（れいか）,,1990年,
山西留衣,山西留衣（やまにし るい）,,1990年,
山本梨香子,山本梨香子（やまもと りかこ）,,1990年,
弓月`,弓月`（ゆづき かおる）,,1990年,
梦园小夜子,@小夜子（ゆめぞの さよこ）,,1990年,
吉川りりあ,吉川りりあ（よしかわ りりあ）,,1990年,
吉永真弓,吉永真弓（よしなが まゆみ）,,1990年,
まひろ纯,まひろ（まひろ じゅん）,,1990年,
长峰ルミ,L峰ルミ（ながみね るみ）,,1990年,三崎 ちひろ（三崎 知）
水城瞳,水城瞳（みずき ひとみ）,,1990年,
水泽明,水g明（みずさわ あきら）,,1990年,
ミス?ダンディ?真理子,ミス?ダンディ?真理子（みす だんでぃ まりこ）,,1990年,真理子
小鸠美爱,小F美郏à长肖 みあい）,,1991年,（引退）
有吉奈生子,有吉奈生子（ありよし なおこ）,,1991年,
秋真琴,秋真琴（あき まこと）,,1991年,（引退）
秋川典子,秋川典子（あきかわ のりこ）,,1991年,（引退）
秋本诗织,秋本（あきもと しおり）,,1991年,（引退）
麻川梨乃,麻川梨乃（あさかわ りの）,,1991年,（引退）
朝仓由美,朝}由美（あさくら ゆみ）,,1991年,（引退）
朝冈实岭,朝gX（あさおか みれい）,,1991年,（引退）
芦川美纪,芦川美o（あしかわ みき）,,1991年,
梨花,梨花（りか）,,1991年,
吉泽あかね,吉gあかね（よしざわ あかね）,,1991年,
吉永里美,吉永里美（よしなが さとみ）,,1991年,
牧めぐみ,牧めぐみ（まきせ めぐみ）,,1991年,
美树あゆみ,美浃ゆみ（みき あゆみ）,,1991年,
树まり子,浃蓼曜樱à撙 まりこ）,,1991年,
美D舞,美D舞（みさき まい）,,1991年,
美里リナ,美里リナ（みさと りな）,,1991年,
水越丽子,水越子（みずこし れいこ）,,1991年,
水泽あのん,水gあのん（みずさわ あのん）,,1991年,
水泽香织,水g香（みずさわ かおり）,,1991年,
水原尚美,水原尚美（みずはら なおみ）,,1991年,
有须あゆみ,有あゆみ（ありす あゆみ）,,1992年,（引退）
秋山美,秋山美辏àきやま みさ）,,1992年,
真田ゆかり,真田 ゆかり（さなだ ゆかり）,,1992年,葵のぞみ
麻生绘美,麻生}美（あそう えみ）,,1992年,（引退）
浅香まり,浅香まり（あさか まり）,,1992年,（引退）
梓由纪,梓由o（あずさ ゆき）,,1992年,（引退）
浅仓舞,浅}舞（あさくら まい）,,1992年,（引退）
饭岛爱,u郏àいい袱 あい）,,1992年,（逝世）
爱本美[,郾久婪[（あいもと みほ）,,1992年,
忧木瞳,忧木瞳（ゆうき ひとみ）,,1992年,（引退）
惑井魅爱,惑井魅郏à铯い みあい）,,1992年,
社惠美子,社{美子（やしろ えみこ）,,1992年,
梦丘ありす,羟黏りす（ゆめおか ありす）,,1992年,
横山えりか,横山えりか（よこやま えりか）,,1992年,
真木静香,真木静香（まき しずか）,,1992年,
黛ミキ,黛ミキ（まゆずみ みき）,,1992年,
爱Dゆかり,Dゆかり（あいざき ゆかり）Yukari Aizaki,,1993年,（引退）
爱泽美理,g美理（あいざわ みり）,,1993年,（引退）
相泽梨菜,相g梨菜（あいざわ りな）,,1993年,（引退）
藤田リナ,藤田リナ（ふじた りな）,,1993年,飞鸟ひとみ（あすか ひとみ）（引退）
青木诗央里,青木央里（あおき しおり）,,1993年,
青木美奈实,青木まゆみ（あおき まゆみ）,,1993年,桐毪撙-あおきみなみ
仓泽ひかり,}gひかり（くらさわ ひかり）,,1993年,结城 あかり
v木麻里,v木麻里（ゆうき まり）,,1993年,
松冈柑奈,松柑奈（まつおか かんな）,,1993年,
松下英美,松下英美（まつした えいみ）,,1993年,
松宫久美子,松m久美子（まつみや くみこ）,,1993年,
松本コンチ`タ,松本コンチ`タ（まつもと コンチ`タ）,,1993年,
松本みどり,松本みどり（まつもと みどり）,,1993年,
美里真理,美里真理（みさと まり）,,1993年,
青木サラ,青木サラ（あおき さら）,,1994年,
有村渚,有村渚（ありむら なぎさ）,,1994年,
麻丘千夏,麻丘千夏（あさおか ちなつ）,,1994年,
麻宫淳子,麻m淳子（あさみや じゅんこ）,,1994年,成合 淳
麻丘みるく,麻丘みるく（あさおか みるく）,,1994年,
秋叶ケイト,秋~ケイト（あきば けいと）,,1994年,
赤井あみ,赤井あみ（あかい あみ）,,1994年,
赤木佐知,赤木佐知（あかぎ さち）,,1994年,
秋元实花,秋元g花（あきもと みか）,,1994年,
秋吉ゆか,秋吉ゆか（あきよし ゆか）,,1994年,
浅川美保,浅川美保（あさかわ みほ）,,1994年,
麻生菜月,麻生菜月（あそう なつき）,,1994年,
相川里美,相川 里美（あいかわ さとみ）,,1994年,
渡边美名子,渡x美名子（わたなべ みなこ）,,1994年,
矢吹まりな,矢吹まりな（やぶき まりな）,,1994年,
山口京子,山口京子（やまぐち きょうこ）,,1994年,
吉竹めぐみ,吉竹めぐみ（よしたけ めぐみ）,,1994年,
吉永あすか,吉永あすか（よしなが あすか）,,1994年,飞鸟いずみ
吉野真理,吉野真理（よしの まり）,,1994年,
前园ゆりえ,前@ゆりえ（まえぞの ゆりえ）,,1994年,
松田 ちゆり,松田 ちゆり（まつだ ちゆり）,,1994年,
松本香央,松本香央（まつもと かお）,,1994年,
真边はるか,真xはるか（まなべ はるか）,,1994年,
七理香,七理香（ななせ りか）,,1994年,水谷リカ
水野さやか,水野さやか（みずの さやか）,,1994年,
和城操,和城操（わしろ みさお）,,1994年,
相泽奈奈,相g奈々（あいざわ なな）,,1995年,
三浦爱佳,三浦あいか（みうら あいか）,,1995年,（引退）
有贺美[,有R美[（ありが みほ）,,1995年,（引退）
荒井まどか,荒井まどか（あらい まどか）,,1995年,（引退）
青木みさと,青木みさと（あおき みさと）,,1995年,（引退）
夕树舞子,夕湮枳樱à妞Δ まいこ）,,1995年,
西条加奈,西条加奈（さいじょう かな）,,1995年,g口 りな-麻生 舞
浅野由美,浅野由美（あさの ゆみ）,,1995年,
相原リサ,相原リサ（あいはら りさ）,,1995年,仓田千佳、圣まどか
爱川みな,鄞à撙剩àいかわ みな）,,1995年,水口あや、水口ゆう、水岛あや、吉田由美、山口ゆう。
城麻美,城麻美（じょう あさみ）,,1995年,（引退）同佳山由实
麻生早苗,麻生早苗（あそう さなえ）,,1995年,（引退）
青岛つかさ,青uつかさ（あおしま つかさ）,,1995年,（引退）
相舞みい,相舞みい（あいまい みい）,,1995年,（引退）
浅香えり,浅香えり（あさか えり）,,1995年,（引退）
浅香クリスティ,浅香クリスティ（あさか くりすてぃ）,,1995年,（引退）
爱田るか,厶铯毪（あいだ るか）,,1995年,（引退）
亚室优辉,室x（あむろゆき）,,1995年,（引退）
秋野结衣,秋野Y衣（あきの ゆい）,,1995年,寺尾 佑理（てらお ゆり）引退
秋本美亚,秋本美（あきもと みあ）,,1995年,
彩みく,彩みく（あやせ みく）,,1995年,
朝仓まみ,朝}まみ（あさくら まみ）,,1995年,
青山和希,青山和希（あおやま かずき）,,1995年,鲇川はるな（引退）
青山纯,青山（あおやま じゅん）,,1995年,美由树（引退）
山崎みゆき,山崎みゆき（やまざき みゆき）,,1995年,
弓川奈津子,弓川奈津子（ゆみかわ なつこ）,,1995年,
吉川由贵,吉川由F（よしかわ ゆき）,,1995年,
三浦あいか,三浦あいか（みうら あいか）,,1995年,AIKA（あいか）、长谷川优（はせがわ ゆう）
水野矢,水野矢（みずの あや）,,1995年,
小室友里,小室友里（こむろ ゆり）,,1996年,（引退，去了风俗店工作，后来割腕自杀获救，现在在打工）
小泽圆,小gまどか（おざわ まどか）,,1996年,（引退）
仓泽七海,}g七海（おざわ まどか）,,1996年,（自杀）
鲇川はるな,R川はるな（おざわ まどか）,,1996年,青山 和希（あおやま かずき）（引退）
安昙野まり,安乙挨蓼辏àずみの まり）,,1996年,（引退）
浅见まお,浅まお（あゆかわ はるな）,,1996年,小泉リカ（引退）
小野今日子,小野 今日子（おの きょうこ）,,1996年,（引退）
爱Dめぐ,Dめぐ（あいさき めぐ）,,1996年,（引退）
安室奈美,安室奈美（あむろ なみ）,,1996年,高原奈美（引退）
秋山さおり,秋山さおり（あきやま さおり）,,1996年,（引退）
秋吉理惠,秋吉理{（あきより りえ）,,1996年,（引退）
浅香ゆりえ,浅香ゆりえ（あさか ゆりえ）,,1996年,（引退）
爱原エミリ,墼エミリ（あいはら えみり）,,1996年,（引退）
麻木みく,麻木みく（あさぎ みく）,,1996年,（引退）
草M纯,草M（くさなぎ じゅん））,,1996年,同加纳瑞[
光月夜也,光月夜也（こうづき やや）,,1996年,同星野南〈ほしの みなみ、Hoshino Minami〉
矢泽ようこ,矢gようこ（やざわ ようこ）,,1996年,
v希リサ,v希リサ（ゆうき りさ）,,1996年,
柚木真奈,柚木真奈（ゆずき まな）,,1996年,
吉野美[,吉野美[（よしの みほ）,,1996年,
牧野さおり,牧野さおり（まきの さおり）,,1996年,
牧原さおり,牧原さおり（まきはら さおり）,,1996年,
真纯まこ,真まこ（ますみ まこ）,,1996年,
松树圣奈,松渎}奈（まつき せいな）,,1996年,
松永夏奈,松永夏奈（まつなが かな）,,1996年,
三浦しほ,三浦しほ（みうら しほ）,,1996年,
三Dまお,三D まお（みさき まお）,,1996年,川村 みなみ
美Dゆうほ,美Dゆうほ（みさき ゆうほ）,,1996年,
美D玲子,美D玲子（みさき れいこ）,,1996年,
三泽あゆみ,三gあゆみ（みさわ あゆみ）,,1996年,
水泽早纪,水g早o（みずさわ さき）,,1996年,
水胝嬗,水氡w由（みずしま まゆ）,,1996年,
水奈りか,水奈りか（みずな りか）,,1996年,
水野早纪,水野早o（みずの さき）,,1996年,
吉野纱莉,吉野サリ`（よしの さり`）,,1997年,同立花绮罗
蓝川めぐみ,{川めぐみ（あいかわ めぐみ）,,1997年,
青沼ちあさ,青沼ちあさ（あおぬま ちあさ）,,1997年,
有森いずみ,有森いずみ（ありもり いずみ）,,1997年,
あおい若菜,あおい若菜（あおい わかな）,,1997年,
秋川さやか,秋川さやか（あきかわ さやか）,,1997年,
里中玛莉亚,里中まりあ（さとなか まりあ）,,1997年,本名:桑x由纪子(被射杀)
水野春季,水野はるき（みずの はるき）,,1997年,（引退）
穴井小百合,穴井小百合（あない さゆり）,,1997年,（引退）
麻生祥子,麻生祥子（あそう しょうこ）,,1997年,（引退）
金泽文子,金g文子（かなざわ ぶんこ）,,1997年,
相川とも子,相川とも子（あいかわ ともこ）,,1997年,
相川未稀,相川未稀（あいかわ みき）,,1997年,
相原凉,相原觯àいはら りょう）,,1997年,天野未来
天野リエ,天野リエ（あまの りえ）,,1997年,
爱川香理,鄞ㄏ憷恚àいかわ かおり）,,1997年,
爱原ちさと,墼ちさと（あいはら ちさと）,,1997年,
苍树梨花,n淅婊ǎàおき りか）,,1997年,
风间由美,Lgゆみ（かざま ゆみ）,,1997年,同铃川ちか、风间ひとみ、风间优美
若菜奈,若菜奈（わかな せな）,,1997年,
山口珠理,山口珠理（やまぐち じゅり）,,1997年,饭田树里
山本瞳,山本瞳（やまもと ひとみ）,,1997年,
夕树亚美,夕美（ゆうき あみ）,,1997年,
结城绫音,Y城c音（ゆうき あやね）,,1997年,
吉野サリ`,吉野サリ`（よしの さり`）,,1997年,
吉村彩,吉村彩（よしむら あや）,,1997年,
舞岛美织,舞u美（まいじま みおり）,,1997年,
真D麻衣,真D麻衣（まさき まい）,,1997年,
黛はるか,黛はるか（まゆずみ はるか）,,1997年,
三里ゆりか,三里ゆりか（みさと ゆりか）,,1997年,
水城ちなつ,水城ちなつ（みずき ちなつ）,,1997年,
水泽アンナ,水gアンナ（みずさわ あんな）,,1997年,
水谷あみ,水谷あみ（みずたに あみ）,,1997年,
水野はるき,水野はるき（みずの はるき）,,1997年,
雏乃燕,r乃つばめ（ひなの つばめ）,,1998年,（引退）同相原このみ、雏野つばめ
牧本千幸,牧本千幸,,1998年,（前名:つかもと友希/冢本友希 Tsukamoto Yuki）
川岛和津实,川u和津g（かわしま あづみ）,,1998年,（引退）
青木みなみ,青木みなみ（あおき みなみ）,,1998年,（引退）
麻生香,麻生香（あそう かおり）,,1998年,（引退）
绫波凉,c波觯àやなみ りょう）,,1998年,近藤かおり、绫波りょう（引退）
相本友希,相本友希（あいもと ゆうき）,,1998年,（引退）
相原このみ,相原このみ（あいはら このみ）,,1998年,雏野つばめ、雏乃つばめ（引退）
浅仓まどか,浅}まどか（あさくら まどか）,,1998年,（引退）
奈奈见沙织,奈々沙（ななみ さおり）,,1998年,（引退）
斋木希奈,饶 きな（さいき きな）,,1998年,（引退）
有泽成美,有g成美（ありさわ なるみ）,,1998年,（引退）
爱川香织,鄞ㄏ憧（あいかわ かおり）,,1998年,（引退）
铃木麻奈美,木麻奈美（すずき まなみ）,,1998年,
赤坂まゆか,赤坂まゆか（あかさか まゆか）,,1998年,叶山梨子
赤坂梨乃,赤坂梨乃（あかさか りの）,,1998年,
秋野しおり,秋野しおり（あきの しおり）,,1998年,
秋本由纪,秋本由o（あきもと ゆき）,,1998年,
秋山みほ,秋山みほ（あきやま みほ）,,1998年,
朝比奈りり子,朝比奈りり子（あさひな りりこ）,,1998年,
山口ナオミ,山口ナオミ（やまぐち なおみ）,,1998年,
山Dあかり,山Dあかり（やまざき あかり）,,1998年,上原里深
弓月}梨花,弓月}梨花（ゆづき えりか）,,1998年,
梦野まりあ,粢挨蓼辘（ゆめの まりあ）,,1998年,
横仓里奈,横}里奈（よこくら りな）,,1998年,
吉井美希,吉井美希（よしい みき）,,1998年,伊g凉子、よしい美希、美希
吉泽美和,吉g美和（よしざわ みわ）,,1998年,长谷川小夏
吉田えりか,吉田えりか（よしだ えりか ）,,1998年,吉田}理香、吉冈{子、りか
舞田奈美,舞田奈美（まいた なみ）,,1998年,
松井里[,松井里[（まつい りほ）,,1998年,
松下れい子,松下れい子（まつした れいこ）,,1998年,
松原ひとみ,松原ひとみ（まつばら ひとみ）,,1998年,
松本理沙,松本理沙（まつもと りさ）,,1998年,
美树本まり,美浔兢蓼辏à撙もと まり）,,1998年,
美D留衣,美D留衣（みさき るい）,,1998年,
水朝美树,水朝美洌à撙氦さ みき）,,1998年,“不动美树”
美铃ゆうか,美ゆうか（みすず ゆうか）,,1998年,
水原纪香,水原o香（みずはら のりか）,,1998年,
长濑爱,L郏à胜せ あい）,,1999年,（引退）
青木绘里,青木}里（あおき えり）,,1999年,（引退）
秋菜里子,秋菜里子（あきな りこ）,,1999年,（引退）
麻丘里绘,麻丘里}（あさおか りえ）,,1999年,（引退）
麻仓かほり,麻}かほり（あさくら かほり）,,1999年,（引退）
麻木,麻木（あさぎ すみれ）,,1999年,（引退）
有贺凉,有R觯àりが りょう）,,1999年,（引退）
秋本优奈,秋本奈（あきもと ゆうな）,,1999年,秋本优菜、秋本ゆうな、秋元优奈（引退）
相泽まみ,相gまみ（あいざわ まみ）,,1999年,（引退）
安里v加,安里v加（あさと ゆうか）,,1999年,（引退）
彩花,彩花（あやか）,,1999年,（引退）
新井悠花,新井悠花（あらい ゆうか）,,1999年,（引退）
朝丘まみ,朝丘まみ（あさおか まみ）,,1999年,（引退）
朝仓まりあ,朝}まりあ（あさくら まりあ）,,1999年,（引退）
雨宫萤,雨m（あまみや けい）,,1999年,（引退）
雨宫琴,雨m琴（あまみや こと）,,1999年,（引退）
鲇川亚美,R川あみ（あゆかわ あみ）,,1999年,（引退）
葵实野理,葵みのり（あおい みのり）,,1999年,（引退）
关保奈美,v保奈美（せき ほなみ）,,1999年,（引退）
渡边なつき,渡xなつき（わたなべ なつき）,,1999年,
矢口凛香,矢口凛香（やぐち りんか）,,1999年,
柳はるか,柳はるか（やなぎ はるか）,,1999年,
结城かのん,Y城かのん（ゆうき かのん）,,1999年,
雪野弥生,雪野弥生（ゆきの やよい）,,1999年,
弓月杏里,弓月杏里（ゆずき あんり）,,1999年,
吉川梨香,吉川梨香（よしかわ りか）,,1999年,
吉田あゆみ,吉田あゆみ（よしだ あゆみ）,,1999年,
吉野ゆうき,吉野ゆうき（よしの ゆうき）,,1999年,
松井はるか,松井はるか（まつい はるか）,,1999年,松本奈美
松坂れいな,松坂れいな（まつざか れいな）,,1999年,
松田有香,松田有香（まつだ ゆうか）,,1999年,
松叶まどか,松~まどか（まつば- ）,,1999年,三崎 明日香
三浦真纪,三浦真o（みうら まき）,,1999年,
水树绫乃,水渚c乃（みずき あやの）,,1999年,
水树香织,水湎憧（みずき かおり）,,1999年,
水野礼子,水野礼子（みずの れいこ）,,1999年,
水森さやか,水森さやか（みずもり ）,,1999年,
水森かづは,水森かづは（みずもり かづは）,,1999年,水森かずは、水森一叶
藤崎 彩花,藤崎 彩花（ふじさき あやか）,,1999年,藤D 沙耶（ふじさき さや）-藤原伦子
かとりこのみ,（かとりこのみ）,,2000年,
一ノ菜々,一ノ菜々（いちのせ なな）,,2000年,
一色志乃,一色志乃（いっしき しの）,,2000年,南えり?西田有纪
二阶堂里绪,二A堂里w（にかいどう りお）,,2000年,
七ななみ,七ななみ（ななせ ななみ）,,2000年,
大浦安娜,大浦あんな（おおうら あんな）,,2000年,（引退）
小野寺沙希,小野寺沙希（おのでら さき）,,2000年,（引退）小野寺めぐみ、吉冈{美、g尻マリナ
上原舞,上原舞（うえはら まい）,,2000年,（引退）
乃原深雪,乃原深雪（のはら みゆき）,,2000年,
小野寺沙希,小野寺沙希（おのでら さき）,,2000年,小野寺めぐみ、吉冈{美、g尻マリナ
川村蓝子,川村{子（かわむら あいこ）,,2000年,
川村朋美,川村朋美（かわむら ともみ）,,2000年,
川村理沙,川村理沙（かわむら りさ）,,2000年,
久世このは,久世このは（くぜ このは）,,2000年,
久保みなみ,久保みなみ（くぼ みなみ）,,2000年,
小早川まりん,小早川まりん（こばやかわ まりん）,,2000年,
千夏,千夏（ちなつ）,,2000年,
水野里兰,水野里m（みずの りら）,,2000年,
中里优奈,中里奈（なかざと ゆうな）,,2000年,
中谷 あいみ,中谷 あいみ（なかたに あいみ）,,2000年,あいみ-桥本 美i
中山ひなの,中山ひなの（なかやま ひなの）,,2000年,
今井今日子,今井今日子（いまい きょうこ）,,2000年,（引退）
友崎玲,友崎りん（ともさき りん）,,2000年,（引退）
及川奈央,及川奈央（おいかわ なお）,,2000年,（引退）
幻想华绘,幻想A}（げんそう はなえ）,,2000年,
手冢美纱,手V美（てづか みさ）,,2000年,
石绘未季,石}未季（いしえ みき）,,2000年,（引退）
甲贺ひろみ,甲Rひろみ（こうが ひろみ）,,2000年,
安倍夏树,安倍なつき（あべ なつき）,,2000年,（引退）
宇佐美恭香,うさみ恭香（うさみ きょうか）,,2000年,（引退）
吉井あや,吉井あや（よしい あや）,,2000年,
吉川エミリ`,吉川エミリ`（よしかわ えみり`）,,2000年,
吉g萌香,吉g萌香（よしざわ もえか）,,2000年,
冰D东子,D|子（ひざき とうこ）,,2000年,
仲山うさぎ,仲山うさぎ（なかやま うさぎ）,,2000年,
昴纠锝,昴纠锝（さえき りえ）,,2000年,
松坂七{,松坂七{（まつざか ななえ）,,2000年,
松gひとみ,松gひとみ（まつざわ ひとみ）,,2000年,
松毳圣ミ,松毳圣ミ（まつしま なおみ）,,2000年,
松田瞳,松田瞳（まつだ ひとみ）,,2000年,
亚美果あゆ,美果あゆ（あみか あゆ）,,2000年,
林エリカ,林エリカ（はやし えりか）,,2000年,
相泽玲,相闪幔àいざわ れい）,,2000年,（引退）
相原夏海,相原 夏海（あいはら なつみ）,,2000年,（引退）
若林树里,若林淅铮à铯ばやし じゅり）,,2000年,
南かえで,南かえで（みなみ かえで）,,2000年,
南ナミ,南ナミ（みなみ なみ）,,2000年,坂上友香
持田あゆみ,持田あゆみ（もちだ あゆみ）,,2000年,
柏木りかこ,柏木りかこ（かしわぎ りかこ）,,2000年,
星野海,星野海（ほしの るみ）,,2000年,
草莓牛奶,みるく（いちご みるく）,,2000年,（逝世）
根室まい,根室まい（ねむろ まい）,,2000年,
真城 丽美,w城 美 （しんじょう れみ）,,2000年,（引退）浅见伽椰（あさみ かや）-香月舞
真D志[,真D志[（まさき しほ）,,2000年,
真xかりん,真xかりん（まなべ かりん）,,2000年,
宫泽ゆうな,m嗓妞Δ剩à撙浃钉 ゆうな）,,2000年,
宫下真纪,m下真o（みやした まき）,,2000年,
桃井なつみ,桃井なつみ（ももい なつみ）,,2000年,g口るな
桐岛みやび,桐uみやび（きりしま みやび）,,2000年,
后藤まみ,後藤まみ（ごとう まみ）,,2000年,
后藤美纪,後藤美o（ごとう みき）,,2000年,
高桥理沙,高蚶砩常à郡はし りさ）,,2000年,
渡濑晶,渡晶（わたせ あきら）,,2000年,（引退）
|原纪香,|原o香（かじわら のりか）,,2000年,
野中雪子,野中雪子（のなか ゆきこ）,,2000年,
野宫美忧,野m美n（のみや みゆう）,,2000年,冈野美忧
朝河兰,朝河m（あさかわ らん）,,2000年,（引退）同武藤兰（2006逝世）
朝比奈リノア,朝比奈リノア（あさひな りのあ）,,2000年,
饭岛美夏夜,u 美夏夜（いいじま みかよ）,,2000年,
饭岛丽华,u A（いいじま れいか）,,2000年,
结良诗绘,Y良}（ゆうら しえ）,,2000年,零 忍（れい しのぶ）
结城あや,Y城あや（ゆうき あや）,,2000年,
森田なお,森田なお（もりた なお）,,2000年,圣さやか、伊吹まりあ、g村奈々
森村なつみ,森村なつみ（もりむら なつみ）,,2000年,
琴野まゆ,琴野まゆ（ことの まゆ）,,2000年,
爱川ひな,鄞à窑(あいかわひな),,2000年,小泉里沙
奥菜つばさ,奥菜つばさ(おきな つばさ),,2000年,川村翼（かわむらつばさ）
梦野しおり,粢挨筏り（ゆめの しおり）,,2000年,
远野春希,h野春希（とおの はるき）,,2000年,
远野小春,h野小春（とおの こはる）,,2000年,
远峰朋美,h峰朋美（とおみね ともみ）,,2000年,
碧波しずく,碧波しずく(あおなみ しずく),,2000年,
璃纱,璃（りさ）,,2000年,
熊野ぷぅこ,熊野ぷぅこ（くまの ぷぅこ）,,2000年,
绫见志[,c志[(あやみ しほ),,2000年,
练马カレン,Rカレン（ねりま かれん）,,2000年,
橘凉子,橘鲎樱à郡沥肖 りょうこ）,,2000年,
猫野铃,猫野（ねこの すず）,,2000年,
藤堂まき,藤堂まき（とうどう まき）,,2000年,
柠檬,檬（れもん）,,2000年,
镜丽子,R子（かがみ れいこ）,,2000年,
蓝井る加,{井 る加（あおい るか）,,2000年,
观月あいか,Q月あいか（みづき あいか）,,2000年,
观月雏乃,Q月ひなの（みづき ひなの）,,2000年,（引退）台湾出身，本名：彭宣蓉
叶不二子,叶不二子（かのう ふじこ）,,2001年,（引退）同蒲川里沙
山口玲子 (AV女优),山口玲子（やまぐち れいこ）,,2001年,
田李梨,田李梨（こうだ りり）,,2001年,同岩下美季(いわした みき)左海未来(さかい みき)-田美梨(こうだ みり)
田x百子,田x百子（つばさ ゆうか）,,2001年,
西田美沙,西田美沙（にしだ みさ）,,2001年,（引退）
堤沙也加,堤さやか（つつみ さやか）,,2001年,81 - 54 - 81 D（引退）
大泽惠,大{（おおさわ めぐみ）,,2001年,（引退）
v希香帆,v希香帆（ゆうき かほ）,,2001年,（引退）
汤川えり,川えり（ゆかわ えり）,,2001年,90 - 58 - 85（引退）
游佐七海,[佐七海（ゆさ ななみ）,,2001年,88 - 58 - 82 F（引退）
由月理帆,由月理帆（ゆづき りほ）,,2001年,83 - 59 - 80 E（引退）
吉井爱美,吉井勖溃à瑜筏 まなみ）,,2001年,水g翔子（引退）
高田のり,高田のり（たかだ のり）,,2001年,（引退）
高野まりえ,高野まりえ（たかの まりえ）,,2001年,83 - 57 - 85 C （引退）
高见凉,高觯à郡み りょう）,,2001年,（引退）
竹内优美子,竹内美子（たけうち ゆみこ）,,2001年,83 - 60 - 86 C（引退）
武田まこ,武田まこ（たけだ まこ）,,2001年,（引退）
武村リナ,武村リナ（たけむら りな）,,2001年,（引退）
田原あゆみ,田原あゆみ（たはら あゆみ）,,2001年,本名：伊藤 茧子（いとう まゆこ）84 - 58 - 80 C（引退）
田丸爱,田丸郏à郡蓼 あい）,,2001年,90 - 59 - 88（引退）
デヴィ,（デヴィ）,,2001年,（引退）
寺胄〈,寺胄〈海à皮椁筏 こはる）,,2001年,（引退）
常盘优子,常P子（ときわ ゆうこ）,,2001年,水D ありみ（みずさき ありみ）88 - 60 - 85 E（引退）
内藤花苗,内藤花苗（ないとう かなえ）,,2001年,83 - 56 - 80 B（引退）
永井}理香,永井}理香（ながい えりか）,,2001年,（引退）藤本さおり
中毳毳,中毳毳ぃà胜じま るい）,,2001年,（引退）
中森蓝子,中森{子（なかもり あいこ）,,2001年,（引退）
中山ゆい,中山ゆい（なかやま ゆい）,,2001年,（引退）
なごみもえ,(なごみもえ）,,2001年,（引退）85 - 58 - 87 D
夏树矢,夏矢（なつき あや）,,2001年,（引退）
夏树ちえり,夏浃沥à辏à胜膜 ちえり）,,2001年,（引退）
夏木美夕,夏木美夕（なつき みゆ）,,2001年,（引退）
奈々あい,奈々あい（ななせ あい）,,2001年,（引退）
沼野アリス,沼野アリス（ぬまの ありす）,,2001年,（引退）
根室ゆきほ,根室ゆきほ（ねむろ ゆきほ）,,2001年,（引退）
乃南葵,乃南葵（のなみ あおい）,,2001年,（引退）
长谷川瞳,L谷川瞳（はせがわ ひとみ）,,2001年,90 - 58 - 87 E（引退）
早坂瞳,早坂ひとみ（はやさか ひとみ）,,2001年,83 - 59 - 85 C（引退）
早坂みく,早坂みく（はやさか みく）,,2001年,（引退）
叶山みづき,~山みづき（はやま みづき）,,2001年,90 - 60 - 90 E（引退）
星D爱理,星D劾恚à郅筏丹 あいり）,,2001年,86 - 58 - 85 D（引退）
星崎未来,星崎未来（ほしざき みらい）,,2001年,92 - 54 - 85 F（引退）
星野流宇,星野流宇（ほしの るう）,,2001年,87 - 58 - 86 E（引退）
松田みみ,松田みみ（まつだ みみ）,,2001年,（引退）
美D爱,美D郏à撙丹 あい）,,2001年,（引退）
岬じゅん,岬じゅん（みさき じゅん）,,2001年,（引退）
みさき理},みさき理}（みさき りえ）,,2001年,（引退）
水D凉子,水D鲎樱à撙氦丹 りょうこ）,,2001年,88 - 58 - 84（引退）
水g优那,水gゆうな（みずさわ ゆうな）,,2001年,（引退）
水氩,水氩剩à撙氦筏 あや）,,2001年,78 - 54 - 84 D（引退）
水原朋美,水原朋美（みずはら ともみ）,,2001年,（引退）
南结衣,南Y衣（みなみゆい）,,2001年,83 - 56 - 83 C（引退）
宫内みゆ,m内みゆ（みやうち みゆ）,,2001年,（引退）
深芳野,深芳野（みよしの）,,2001年,86 - 56 - 84 F（引退）
望月舞,望月舞（もちづき まい）,,2001年,（引退）
早乙女つくし,早乙女つくし（さおとめ つくし）,,2001年,（引退）
Yうらら,Yうらら（さかき）,,2001年,（引退）
佐々木爱子,佐々木圩樱à丹丹 あいこ）,,2001年,（引退）
名えみり,名えみり（せな えみり）,,2001年,（引退）江川奈-c田结衣-えみり
名凉子,名鲎樱à护 りょうこ）,,2001年,（引退）星川龙美-星川たつみ-星野いずみ-@木璃子-町田早纪-松本リカ
园部りか,@部りか（そのべ りか）,,2001年,（引退）
かぐやひめ,（かぐやひめ）,,2001年,（引退）
加护あいり,加oあいり（かご あいり）,,2001年,（引退）88 - 58 - 86
|田さくら,|田さくら（かじた さくら）,,2001年,（引退）
和见あい,和あい（かずみ あい）,,2001年,（引退）
片桐ゆう,片桐ゆう（かたぎり ゆう）,,2001年,（引退）
加藤由纪子,加藤由o子（かとう ゆきこ）,,2001年,（引退）
叶丽美,叶美（かのう れいみ）,,2001年,（引退）95 - 58 - 87 H
菅野蕾,菅野つぼみ（かんの つぼみ）,,2001年,（引退）
树木らら,淠兢椁椋àき らら）,,2001年,（引退）
菊池あゆな,菊池あゆな（きくち あゆな）,,2001年,（引退）
菊池麻衣子,菊池麻衣子（きくち まいこ）,,2001年,（引退）
来生ひかり,来生ひかり（きすぎ ひかり）,,2001年,（引退）
木下いつき,木下いつき（きのした いつき）,,2001年,（引退）
草壁夕子,草壁夕子（くさかべ ゆうこ）,,2001年,（引退）
楠木沙耶香,楠木さやか（くすのき さやか）,,2001年,（引退）楠 さやか
工藤葵,工藤葵（くどう あおい）,,2001年,（引退）ミュウ、夏目ミュウ、春川リサ、夏目衣织
小泉ゆり,小泉ゆり（こいずみ ゆり）,,2001年,（引退）
乙伊沙耶香,乙伊さやか（おとい さやか）,,2001年,（引退）
c原沙耶香,c原さやか（はぎわら さやか）,,2001年,（引退）同荻原沙耶香
广濑奈央美,奈央美（ひろせ なおみ）,,2002年,（引退）
苍井空,n井そら（あおい そら）,,2002年,（引退）
江口 美贵,（えぐち みき）,,2002年,（引退）
松岛枫,松uかえで（まつしま かえで）,,2002年,（引退）
酒井千奈美,酒井ちなみ（さかい ちなみ）,,2002年,
高树玛利亚,高浈蕙辚（たかぎ まりあ）,,2002年,（引退）
野原玲,野原りん（のはら りん）,,2002年,（引退）
美竹凉子,美竹鲎樱à撙郡 りょうこ）,,2002年,（引退）
小泽菜穗,小g菜[（おざわ なほ）,,2002年,（引退）
黑崎扇菜,\崎扇菜（くろさき せんな）,,2002年,（引退）
纹舞兰,y舞らん（もんぶ らん）,,2002年,（引退）
京乃梓,京乃あづさ（きょうの あづさ）,,2002年,
柳田弥生,柳田やよい（やなぎだ やよい）,,2002年,
伊东怜,伊|怜（いとう れい）,,2002年,（引退）
南波杏,南波杏（なんば あん）,,2002年,（引退）
白石日和,白石ひより（しらいし ひより）,,2002年,（引退）
大石彩香,大石あやか（おおいし あやか）,,2002年,（引退）
友田真希,友田真希（ともだ まき）,,2002年,2013引退-2016复出
石原绘理子,石原}理子（いしはら えりこ）,,2002年,（引退）
常盘樱子,常P@子（ときわ さくらこ）,,2002年,（引退）
薰樱子,`@子（かおる さくらこ）,,2002年,
桃井望,桃井望（ももい のぞみ）,,2002年,（逝世）
平泽里菜子,平g 里菜子〈ひらさわ ・ りなこ〉,,2003年,2006年引退
村上凉子,村上凉子(むらかみ りょうこ）,,2003年,曾以艺名中村りかこ和\木菜[活动
三津夏海,三津なつみ(みつなつみ),,2003年,2011年8月以艺名爱田奈奈(あいだ なな)复出-又名:武藤 由来
藤井彩,藤井彩（ふじい あや）,,2003年,（引退）
MECUMI,MECUMI（めくみ，Megumi）,,2003年,（引退）同田中爱、仲里爱
小仓艾莉丝,小}ありす（おぐら ありす）,,2003年,（引退）
吉泽明步,吉g明i（よしざわ あきほ）,,2003年,
小森美树,小森美洌à长猡 みき）,,2003年,
紫彩乃,紫彩乃（むらさき あやの）,,2003年,
杉浦美由,杉浦美由（すぎうら みゆ）,,2003年,（引退）同叶山みなみ
奈绪,nao.（なおどっと）,,2003年,同小池瞳
青木玲,青木玲（あおき れい）,,2003年,（引退后08年复出）
凉果淋,龉りん（すずか りん）,,2003年,（引退）
香山圣,香山}（かやま ひじり）,,2003年,（引退）
濑户由衣,跤梢拢à护 ゆい）,,2003年,（引退）
樱朱音,@朱音（さくら あかね）,,2003年,（引退）
樱田樱,@田さくら（さくらだ さくら）,,2003年,（引退）
蓝山南,{山みなみ（あおやま みなみ）,,2003年,
中岛京子,中u京子（なかじま きょうこ）,,2003年,（引退）
水元优奈,水元ゆうな（みずもと ゆうな）,,2003年,
君朊,君毪猡ǎàみしま もえ）,,2003年,（引退）
长谷川美红,L谷川美t（はせがわ みく）,,2003年,
古都光,古都ひかる（こと ひかる）,,2003年,（引退）
小泉彩,小泉彩（こいずみ あや）,,2003年,同里美ゆりあ
星艾莉丝,星ありす（ほし ありす）,,2003年,
白鸟樱,白B さくら（しらとり さくら）,,2003年,（引退）
菅野亚梨沙,菅野梨沙（かんの ありさ）,,2004年,（引退）
c原舞,c原舞（はぎわら まい）,,2004年,
星野飞鸟,星野 あすか（ほしの あすか）,,2004年,（引退）
凛,Rin.（りんどっと）,,2004年,
大冢D,大VD（おおつか さき）,,2004年,
小泉优香,小泉ゆうか（こいずみ ゆうか）,,2004年,（引退）
持田茜,持田茜（もちだ あかね）,,2004年,（引退）
小峰由衣,小峰由衣（あだち みく）,,2004年,
原千寻,原千ぃà悉 ちひろ）,,2004年,
芹泽直美,芹g直美（せりざわ なおみ）,,2004年,
二宫沙树,二m沙洌à摔韦撙 さき）,,2004年,
桃子美优,ももこみゆ（ももこ みゆ）,,2004年,（引退）
爱田由,あいだゆあ（あいだ ゆあ）,,2004年,（引退）
阿立未来,阿立未来（あだち みく）,,2004年,（引退）2007年复出
黑木麻衣,\木麻衣（くろき まい）,,2004年,同花野真衣
乃亚,乃（のあ）,,2004年,
唯川纯,唯川（ゆいかわ じゅん）,,2004年,（引退）
麻川丽,麻川（あさかわ れい）,,2004年,
天衣美津,天衣みつ（あまい みつ）,,2004年,（引退）同泷泽美铃
穗花,[花（ほのか）,,2004年,（引退）
天宫真奈美,天mまなみ（あまみや まなみ）,,2004年,（引退）
泷泽优奈,g奈（たきざわ ゆうな）,,2004年,
西野翔,西野翔（にしの しょう）,,2004年,
相泽唯衣,相晌ㄒ拢àいざわ ゆい）,,2004年,
北川绘美,北川}美（きたがわ えみ）,,2004年,（引退）
芽菜,芽菜（めいな）,,2004年,
黑泽英里奈,\g英里奈（くろさわ えりな）,,2004年,同喜田肜硇
水朝美树,水朝美洌à撙氦さ みき）,,2004年,
藤泽麻理,藤gマリ（ふじさわ まり）,,2004年,（引退）
立花里子,立花里子（たちばな りこ）,,2004年,（引退）
夏目奈奈,夏目ナナ（なつめ なな）,,2004年,（引退）
爱原理彩,墼理彩（あいはら りさ）,,2004年,
星Ryo,星りょう（ほしりょう）,,2004年,
红音萤,t音 ほたる（あかね ほたる）,,2004年,（逝世）同秋月杏奈、秋本彩
北岛优,北u （きたじま ゆう）,,2004年,（引退）
爱内萌,勰 萌（あいうち もえ）,,2004年,（引退）
川上优,川上 ゆう（かわかみ ゆう）,,2004年,
柚木蒂娜,柚木ティナ,,2005年,英语：Rio
吉川 萌,よしかわ もえ,,2005年,大g 萌〔日语：おおさわ もえ、英语：Osawa Moe〕
佐佐木风香,ささき ふう香（ささき ふうか）,,2005年,
水城奈绪,みずき なお,,2005年,〔日语：みずき なお、英语：Mizuki Nao〕
野宫凛子,野m凛子（のみや りんこ）,,2005年,同高岛千代子〈Takashima Chiyoko〉
青山 爱,あおやま あい,,2005年,别名：冢井顺子、つかい じゅんこ、Tsykai Junko
穗香（Mihiro）,みひろ,,2005年,（引退）同朝美穗香
美D沙耶,美D沙耶（みさき さや）,,2005年,（上吊自杀）
丘D爱米莉,丘Dエミリ（おかざき えみり）,,2005年,
神谷姬,神谷（かみや ひめ）,,2005年,（引退）
里绪,Rio（りお）,,2005年,（引退）同柚木ティナ
芦名未帆,芦名未帆（あしな みほ）,,2005年,别名：R森 しほり（汐里）（いなもり しおり，Inamori siori）
樱井梨花,@井梨花（さくらい りか）,,2005年,
姬野爱,野郏à窑幛 あい）,,2005年,
早川濑里奈,早川里奈（はやかわ せりな）,,2005年,
晶爱丽,晶エリ`（あきら えり`）,,2005年,同大泽佑香、西川瞳 （引退）
天海丽,天海（あまみ れい）,,2005年,（引退）
y本凉,y本りょう（つじもと りょう）,,2005年,
铃木杏里,木杏里（すずき あんり）,,2005年,（引退）
星野明,星野あかり（ほしの あかり）,,2005年,
麻美由真,麻美ゆま（あさみ ゆま）,,2005年,(引退)
长泽筑实,L嗓膜挨撸à胜さわ つぐみ）,,2005年,
小泽玛丽亚,小丧蕙辚（おざわ まりあ）,,2005年,
妃乃光,妃乃ひかり（ひの ひかり）,,2005年,
泽井真帆,g井真帆（さわい まほ）,,2005年,（引退）
香澄果穗,かすみ果[（かすみ かほ）,,2005年,（引退）
麻生岬,麻生岬（あそう みさき）,,2005年,（引退）
峰奈由果,峰なゆか（みね なゆか）,,2005年,（引退）
伊泽千夏,伊g千夏（いざわ ちなつ）,,2005年,
叶月奈穗,~月奈[（はずき なほ）,,2005年,
神谷美雪,神谷美雪（かみや みゆき）,,2005年,（引退）
翔田千里,翔田千里（しょうだ ちさと）,,2005年,(引退)
菜菜美宁,菜菜美ねい（ななみ ねい）,,2005年,同田中美久
松野由井,松野ゆい（まつの ゆい）,,2005年,（引退）
佐藤江梨花,佐藤江梨花（さとう えりか）,,2005年,
吉崎直绪,吉崎直w（よしざき なお）,,2005年,（引退）
小川阿佐美,小川あさ美（おがわ あさみ）,,2005年,（引退）
清原凉,清原りょう（きよはら りょう）,,2005年,
日野~,日野~（ひの しずく）,,2005年,（引退）
爱理和美理,（あいり&めいり）,,2005年,
朝比奈春,朝比奈 ハル（あさひな はる）,,2005年,（引退）
樱纱希,さくら 希（さくら さき）,,2005年,
糸矢芽衣,糸矢めい（いとや めい）,,2006年,（引退）
君野梦,君野 ゆめ（きみの ゆめ）,,2006年,（引退）
木村那美,木村那美（きむら なみ）,,2006年,
铃木里美,木 さとみ(すずきさとみ),,2006年,以(浅田真美)名义出道
北原多香子,北原多香子（きたはら たかこ）,,2006年,（引退）
竹内爱,竹内あい（たけうち あい）,,2006年,（引退）
北条麻妃,北条麻妃（ほうじょう まき）,,2006年,同白石小百合
小坂惠,小坂めぐる（こさか めぐる）,,2006年,Meguru Kosaka（引退）
青山雪菜,青山雪菜（あおやま ゆきな）,,2006年,
青山菜菜,青山 菜々（あおやま なな）,,2006年,（引退）
横山美玲,横山みれい(よこやまみれい),,2006年,
新村爱,新村郏à摔い啶 あい）,,2006年,
早乙女优,早乙女（さおとめ ゆう）,,2006年,（引退）
春D和津实,春Dあずみ（はるさき あずみ）,,2006年,
高树圣良,高渎}良（たかぎせいら）,,2006年,
恋小夜,恋小夜（こいさや）,,2006年,（引退）
若菜光,若菜ひかる（わかな ひかる）,,2006年,（引退）
小林爱弓,小林酃（こばやし あゆみ）,,2006年,（引退）同纰D爱弓
滨崎里绪,浜崎りお（はまさき りお）,,2006年,同S原}里香
乙音奈奈,乙音奈々（おとね なな）,,2006年,
花宫亚美,花mあみ（はなみや あみ）,,2006年,（引退）
遥惠美,遥めぐみ（はるか めぐみ）,,2006年,（引退）
三浦亚沙妃,三浦沙妃（みうら あさひ）,,2006年,
爱川美里菜,遥めい（はるか めい）,,2006年,同千田理子
真田春香,真田春香（さなだ はるか）,,2006年,
相崎琴音,相崎琴音（あいさき ことね）,,2006年,（引退）
宫泽惠,m丧饱ぅ龋à撙浃钉 けいと）ト,,2006年,
相户爱,相郏àいと あい）,,2006年,
香坂百合,香坂百合（こうさか ゆり）,,2006年,
MO☆MO,MO☆MO（もも）,,2006年,
前朊啦,前朊i（まえしま みほ）,,2006年,
姬D莉莉亚,Dりりあ（ひめさき りりあ）,,2006年,
ICHIKA,ICHIKA（いちか）,,2006年,
高原智美,高原智美（たかはら ともみ）,,2006年,
加护范子,加o子（かご のりこ）,,2006年,同小野濑香恋
小日向优,小日向（こひなた ゆう）,,2006年,
北岛玲,北u玲（きたじま れい）,,2006年,
川胂氖,川胂洌àわしま なつき）,,2006年,
青木琳,青木りん（あおき りん）,,2006年,
Y里绪,Y里w（さかき りお）,,2006年,
广田樱,谔铯丹ら（ひろた さくら）,,2006年,
范田纱纱,田々（はんだ ささ）,,2006年,（引退）
星野美优,ほしの みゆ,,2006年,（引退）
一之濑亚美莉,一ノ アメリ（いちのせ あめり）,,2006年,同美空あやか、栗栖エリカ
美上千里,美上 セリ（みかみ せり）,,2006年,（引退）
蕾,つぼみ,,2006年,
爱川纱季,鄞 季（あいかわ さき）,,2006年,
永濑亚纪,永 あき（ながせ あき）,,2006年,
成岛龙,成uりゅう(なるしま りゅう),,2007年,
启子,けいこ,,2007年,
芹泽恋,芹g 恋（せりざわ れん）,,2007年,
桃D真奈美,桃Dまなみ(ももさきまなみ),,2007年,
艳堂志穗,F堂 しほり（えんどう しほり）,,2007年,宴堂 さなえ-远藤 しおり-远藤 香织-远藤 小百合-刊-ともよ
立花美凉,たちばな みすず,,2007年,〔雪乃ほたる（萤）、日语：ゆきの ほたる、英语：Yukino Hotaru〕
堀口奈津美,堀口奈津美（ほりぐち なつみ）,,2007年,同 恩田ほのか、奈々美
村上里沙,村上里沙（むらかみ りさ）,,2007年,同真宫梨沙子、竹内纱里奈
横山美玲,横山みれい（よこやま みれい）,,2007年,藤池 れみ(ふじいけれみ)
月野姬,月野（つきの ひめ）,,2007年,
绫波优,c波（あやなみ ゆう）,,2007年,（引退）
圣,}（せい）,,2007年,
岬里沙,岬リサ（みさき りさ）,,2007年,同熊田夏树
伊藤青叶,伊藤青~（いとう あおば）,,2007年,
原更纱,原更（はら さらさ）,,2007年,同夏目彩春
高濑七海,高七海（たかせ ななみ）,,2007年,（引退）
南沙也香,南沙也香（みなみ さやか）,,2007年,同花川ひらり
早乙女露依,早乙女ルイ（さおとめ るい）,,2007年,
相田纱耶香,相田耶香（あいだ さやか）,,2007年,
翼裕香,翼裕香（つばさ ゆうか）,,2007年,
田中亚弥,田中弥（たなか あや）,,2007年,
羽田未来,羽田未来（はねだ みらい）,,2007年,
赤西凉,赤西觯àかにし りょう）,,2007年,（引退）
仁科沙也加,仁科さやか（にしな さやか）,,2007年,（引退）
北原夏美,北原夏美（きたはら なつみ）,,2007年,
鲇川奈绪,R川なお（あゆかわ なお）,,2007年,（引退）
稻川夏目,R川なつめ（いながわ なつめ）,,2007年,片真由-上村ちひろ
白鸟凉子,白B鲎樱à筏椁趣 りょうこ）,,2007年,
若宫莉那,若m莉那（わかみや りな）,,2007年,
飞鸟伊央,あすか伊央（あすか いお）,,2007年,
绫濑美音,c美音（あやせ みおん）,,2007年,同神谷梨梨
明日花绮罗,明日花キララ（あすか きらら）,,2007年,
花井美沙,花井メイサ（はない めいさ）,,2007年,
青山由衣,青山ゆい（あおやま ゆい）,,2007年,
心有花,心有花（こころ ゆうか）,,2007年,
冬月枫,冬月かえで（ふゆつきかえで）,,2007年,84 -58 - 84(C Cup)
樱木凛,@木C（さくらぎ りん）,,2007年,
v花凛,v花凛(ゆうかりん),,2007年,ランレイ （らんれい / ran rei）-园田ルル （そのだるる / SonodaRuru）-玉川ルル （たまがわるる / TamagawaRuru）
水城奈绪,水城奈w（みずき なお）,,2007年,
大桥未久,大蛭淳茫àおはし みく）,,2007年,(引退)
石黑京香,石\京香（いしぐろ きょうか）,,2007年,
石野容子,石野容子（いしの ようこ）,,2007年,いしの ようこ-白井 エリコ-2009拍摄时死亡
濑名步,名あゆむ（せな あゆむ）,,2007年,同广濑蓝子
小泉梨菜,小泉梨菜（こいずみ りな）,,2007年,
小西 那奈,小西 那奈（こにし なな）,,2007年,（引退）
琴乃,琴乃（ことの）,,2007年,（引退）
美优千奈,美千奈（みゆう ちな）,,2007年,
星乃星爱,星乃せあら（ほしの せあら）,,2007年,同南美海
爱原翼,墼つばさ（あいはら つばさ）,,2007年,
铃木里美,木さとみ（すずき さとみ）,,2007年,
七D枫花,七D骰,,2007年,
七海奈奈,七海 なな（ななうみ なな）,,2007年,
初音实,初音 みのり（はつね みのり）,,2007年,
本多成实,本多成g,,2007年,同枫まお、时东あい
星优乃,星 乃（ほし ゆうの）,,2007年,
饭岛玖罗,u くらら（いいじま くらら）,,2007年,（引退）同仓林圣子
石仓咏美,石}　えいみ（いしくら　えいみ）,,2007年,同神田美[，2011年更名复出
佐伯奈奈,佐伯 奈々（さえき なな）,,2007年,（引退）
佐山爱,佐山 郏à丹浃 あい）,,2007年,
仙道春奈,仙道 春奈（せんどう はるな）,,2007年,
茉莉桃,茉莉 もも（まつり もも）,,2007年,同七草まつり、田中志乃
樱井优子,丫 ゆうこ（さくらい ゆうこ）,,2007年,
石川施恩惠,C野 りさ子（こんの りさこ）,,2007年,同石川めぐみ
霞理沙,霞理沙（かすみりさ）,,2007年,2007年度新人王
本多成实,本多 成g,,2007年,时见 爱子，时东 あい(ときとうあい)，枫 まお（かえで まお），枫 真央
百合川沙罗,百合川さら（ゆりかわ さら）,,2007年,茅ヶ崎 ありす（理寿）ちがさき ありす，Chigasaki Arisu
持田亮子,もちだ りょうこ,,2008年（パコパコママ）,素人，48岁（1962年，昭和37年）
辰巳唯,辰巳 ゆい（たつみ ゆい）,,2008年,(引退)
高坂保奈美,高坂保奈美（たかさかほなみ）,,2008年,
鹰宫凉,m りょう（たかみや りょう）,,2008年,
浅仓彩音,浅仓彩音,,2008年,
麻生 美由树,あそう みゆき,,2008年,自杀
波多野结衣,波多野Y衣（はたの ゆい）,,2008年,はたちゃん-ゆいにゃん
泽木树里,g木淅铮à丹铯 じゅり）,,2008年,
茉莉花,茉莉花（まりか）,,2008年,
叶志穗,叶志[（かのう しほ）,,2008年,
橘未稀,橘未稀（たちばな みき）,,2008年,同石川麻矢
爱泽莲,g（あいざわ れん）,,2008年,
明佐奈,明佐奈（あかり さな）,,2008年,同土屋加奈子、城崎麻理子
藤井雪莉,藤井シェリ`（ふじい しぇり`）,,2008年,
小峰日向,小峰ひなた（こみね ひなた）,,2008年,
初美理音,初美りおん（はつみ りおん）,,2008年,（引退）
横山美雪,M山美雪（よこやま みゆき）Yokoyama Miyuki,,2008年,
S原凉,S原リョウ（しのはら りょう）,,2008年,同三浦加奈、望月凉子
京子,KYOKO（きょうこ）,,2008年,（引退）
叶山润子,~山子（はやま じゅんこ）,,2008年,
花鸟丽,花Bレイ（はなとり れい）,,2008年,
羽田爱,羽田あい（はねだ あい）,,2008年,
大蚕,大菠窑婴（おおつき ひびき）,,2008年,
坂田美影,坂田美影（さかた みかげ）,,2008年,2014年死亡
长泽梓,L嗓ずさ（ながさわ あずさ）,,2008年,
大泽佳那,大gかな（おおさわ かな）,,2008年,
仁美,Hitomi（ひとみ）,,2008年,
伊东遥,伊|遥（いとう はるか）,,2008年,（引退）
樱井莉亚,@井りあ（さくらい りあ）,,2008年,同爱DMIU
雨宫琴音,雨m琴音（あまみや ことね）,,2008年,
铃香音色,香音色（すずか ねいろ）,,2008年,（引退）
羽月希,羽月希（はづき のぞみ）,,2008年,
莲井志帆,井志帆（はすい しほ）,,2008年,
桃子,桃子（ももこ）,,2008年,
松下怜,松下怜（まつした れい）,,2008年,
成濑心美,成心美（なるせ　ここみ）,,2008年,
希崎洁西嘉,希崎ジェシカ（きざき じぇしか）,,2008年,
水菜丽,みづなれい,,2008年,（引退）
日向真昼,日向まひる（ひなた まひる）,,2008年,同桃ひかる、田爱里、铃木かおり
黑木一香,\木いちか（くろき いちか）,,2008年,
胡桃雏,くるみひな（くるみひな）,,2008年,本名:金井千春
爱叶渚,廴~渚（あいば なぎさ）,,2008年,
石原莉奈,石原莉奈（いしはら りな）,,2008年,
黑川绮罗,\川きらら（くろかわ きらら）,,2008年,
黑木亚理纱,\木アリサ（くろき ありさ）,,2008年,96 - 58 - 85 G Cup
Fuwari,ふわり（ふわり）,,2008年,
原明奈,原明奈（はら あきな）,,2008年,
广濑由奈,ゆな（ひろせ ゆな）,,2008年,
小林初花,小林初花（こばやし はつか）,,2008年,
桐生樱,桐生さくら（きりゅう さくら）,,2008年,
松生彩,松生彩（まつき あや）,,2008年,
森美D,森美D（もり みさき）,,2008年,
并木优,K木（なみき ゆう）,,2008年,（引退）
浅田琪琪,浅田ちち（あさだ ちち）,,2008年,（引退）
秋元美由,秋元美由（あきもと みゆ）,,2008年,
原小雪,原小雪（はら こゆき）,,2008年,
y沙耶香,yさやか（つじ さやか）,,2008年,同山Dリリィ
朝日奈明,朝日奈あかり（あさひな あかり）,,2008年,
秋川露依,秋川ルイ（あきかわ るい）,,2008年,
杏树纱奈,杏浼奈（あんじゅさな,,2008年,
栗林里莉,栗林里莉（くりばやし りり）,,2008年,
希志爱野,希志あいの（きし あいの）,,2008年,（引退）
石川铃华,石川A（いしかわ すずか）,,2008年,同池内莉奈
石\沙良,（いしぐろ さら）,,2008年,
平井绫,平井c（ひらい あや）,,2008年,
佳山三花,佳山 三花（かやま みか）,,2008年,（引退）
慧,KEI（けい）,,2008年,
香坂美优,香坂 美（こうさか みゆ）,,2008年,
里香,RICA（りか）,,2008年,
月野理纱,月野 りさ（つきの りさ）,,2008年,（引退）
上原卡艾拉,上原 カエラ（うえはら かえら）,,2008年,（引退）
爱海一夏,あいみ いちか,,2009年,
初芽 里奈,初芽 里奈（はつめ りな）,,2009年,初D　里奈（うさき　りな）-桃井凛（ももい りん）
奈,☆LUNA☆（ルナ；假名：るな）,,2009年,
青空小夏,青空小夏（あおぞら こなつ）,,2009年,
内藤 斐奈,（ないとう あやな）,,2009年,内藤日名子-二ノ宫优子-北原志帆
御メイ,（みつるぎ めい）,,2009年,
松すみれ,松すみれ(まつすみれ),,2009年,
真白希实,真白希g（ましろ のぞみ）,,2009年,
亚希菜,希菜（あきな）,,2009年,
甲斐美晴,甲斐 ミハル（かい みはる）,,2009年,别名:片冈美雪
泽村麻耶,g村 麻耶（さわむら まや）,,2009年,
三笑恭子,三D 恭子（みさき きょうこ）,,2009年,
管野静香,管野しずか（かんの しずか）,,2009年,昴 真美子-加藤 百合奈-井上 真弓
伊东麻央,（いとうまお）,,2009年,藤谷ゆうき-スザンナ-伊东麻未
内藤斐奈,（ないとう あやな）,,2009年,内藤日名子-二ノ宫优子-北原志帆
直氚,直毪い（なおしま あい）,,2009年,
音羽蕾恩,音羽 レオン（おとわ れおん）,,2009年,
木下柚花,木下柚花（きのした ゆずか）,,2009年,
希美真由,希美まゆ（のぞみ まゆ）,,2009年,
葵ちひろ,葵ちひろ（あおい ちひろ）,,2009年,
葵ぶるま,葵ぶるま（あおい ぶるま）,,2009年,
麻仓忧,麻}n（あさくら ゆう）,,2009年,（引退）(2013年复出)
原纱央莉,原央莉（はら さおり）,,2009年,（引退）
橘庆子,橘 c子（たちばな けいこ）,,2009年,92 - 64 - 92 F Cup
留美佳,RUMIKA（ルミカ；假名：るみか）,,2009年,
天海翼,天海つばさ（あまみ つばさ）,,2009年,
橘日向,橘 ひなた（たちばな ひなた）,,2009年,
舞滨朱里,舞浜朱里（まいはま しゅり）,,2009年,
一条爱美,一条勖溃àい沥袱绀 あいみ）,,2009年,
妃悠爱,妃悠郏àさき ゆあ）,,2009年,
小樱沙树,小@沙洌à长钉ら さき）,,2009年,同茅之崎里沙
种村美D,N村美D（たねざき みさき）,,2009年,
朝比奈依,朝比奈るい（あさひな るい）,,2009年,
S惠美,Sめぐみ（しの めぐみ）,,2009年,
藤本莉娜,藤本リ`ナ（ふじもと り`な）,,2009年,
藤崎里绪,藤崎りお（ふじさき りお）,,2009年,同水谷心音
爱川香织,鄞ㄏ憧（あいかわ かおり）,,2009年,
樱心美,@ここみ（さくら ここみ）,,2009年,
速水百花,速水百花（はやみ ももか）,,2009年,
明日香,ASUKA（あすか）,,2009年,
木内美保,木内美保（きうち みほ）,,2009年,
周防雪子,周防ゆきこ（すおう ゆきこ）,,2009年,
早见琉璃,早るり（はやみ るり）,,2009年,
朝香凉,朝香觯àさか りょう）,,2009年,
内山遥,内山遥（うちやま はるか）,,2009年,
吉冈美奈,吉美奈（よしおか みな）,,2009年,
安西菜,安西菜（あんざい るな）,,2009年,
新垣圣那,新垣セナ（あらがき せな）,,2009年,
白D舞,白D舞（しろさき まい）,,2009年,
浅乃晴美,浅乃ハルミ（あさの はるみ）,,2009年,
桃夏凛,ももかりん,,2009年,
濑奈凉,奈觯à护 りょう）,,2009年,
卯月麻衣,卯月麻衣（うづき まい）,,2009年,
麻田有希,麻田有希（あさだ ゆき）,,2009年,
星崎杏里,星崎アンリ（ほしさき あんり）,,2009年,
小西麻衣,小西麻衣（こにし まい）,,2009年,
大泽美加,大g美加（おおさわ みか）,,2009年,广田 まりこ-@木 久美子
爱内梨花,勰诶婊ǎàいうち りんか）,,2009年,
铃木茶织,木茶（すずき ちゃお）,,2009年,
大冢遥,大V遥（おおつか はるか）,,2009年,
音羽奏,音羽かなで（おとは かなで）,,2009年,
牧野田彩,AYA（あや）,,2009年,本名：牧野田彩（まきのだ あや，Makinoda Aya）
佐藤美沙,佐藤美沙（さとう みさ）,,2009年,
宫川怜,m川怜（みやかわ れい）,,2009年,
爱音真寻,垡簸蓼窑恚àいね まひろ）,,2009年,
安达有里,安达有里（あだち ゆり）,,2009年,
绫濑迪亚娜,cティアラ,,2009年,
椎名由奈,椎名ゆな（しいな ゆな）,,2009年,引退
和叶美玲,和~ みれい（かずは みれい）,,2009年,同春川真央
今井广野,今井 ひろの（いまい ひろの）,,2009年,
井川由衣,井川 ゆい（いがわ ゆい）,,2009年,
茉莉香,まりか,,2009年,
爱斗优希,鄱 ゆうき（あいと ゆうき）,,2009年,
惠佳,{ けい（めぐみ けい）,,2009年,
水泽真树,水g 真洌à撙氦丹 まき）,,2009年,
大空花音,大空 かのん（おおぞら かのん）,,2009年,
濑尾惠美里,尾 えみり（せのお えみり）,,2009年,
白石美D,白石 美D（しらいし みさき）,,2009年,
橘美穗,橘 美[（たちばな みほ）,,2009年,
友田彩也香,友田 彩也香（ともだ あやか）,,2009年,
月见刊,月 荩à膜み しおり）,,2009年,
优木葵,木 あおい（ゆうき あおい）,,2009年,
桐原绘里香,桐原 エリカ（きりはら えりか）,,2009年,（引退）
水胄用,水 あずみ（みずしま あずみ）,,2009年,（引退）
水氚,水 あい（みずしま あい）,,2009年,@井まゆ-西村瞳-白石爱(白石 あい)-宫g みき
藤浦惠,藤浦 めぐ（ふじうら めぐ）,,2009年,
泉麻那,泉麻 那（いずみ まな）,,2009年,
松下美香,まつした みか,,2009年,别名：大河饶蚊溃àおこうち なみ，Ookouchi Nami）
秋山祥子,あきやま しょうこ,,2009年,别名：由纪子（ゆきこ，Yukiko）
上原结衣,上原 Y衣（うえはら ゆい）,,2010年,
小仓奈奈,小} 奈々（おぐら なな）,,2010年,
小西悠,小西 悠（こにし ゆう）,,2010年,
小向美奈子,小向美奈子（こむかい みなこ）Komukai Minako,,2010年,
小野小雪,小野 こゆき（おの こゆき）Koyuki Ono,,2010年,宫本はづき-成田翔子
小泽真理奈,小g 真理奈（おざわ まりな）,,2010年,
小泽优名,小g 名（おざわ ゆうな）Yūna Ozawa,,2010年,
小出 遥,小出 遥（こいで はるか）,,2010年,
中居千春,中居 ちはる（なかい ちはる）,,2010年,别名：中居千春-仲居ちはる-中居ちひろ
大岛理子,大uりこ（おおしま りこ）,,2010年,
大岛美奈实,大u みなみ（おおしま みなみ）Minami ōshima,,2010年,藤浦 みか-あかね
大城かえで,大城 かえで（おおしろ かえで）Kaede ōshiro,,2010年,椿かなめ-山口 彩-吉gD良
大石のぞみ,大石 のぞみ（おおいし のぞみ）Nozomi ōishi,,2010年,
大堀香奈,大堀 香奈（おおほり かな）,,2010年,
三村千奈,三村ちな（みむら ちな）,,2010年,
山口理子,（やまぐち りこ）,,2010年,原AKB48 中西里菜（なかにし りな）（引退）
乃乃果花,乃々果 花（ののか はな）,,2010年,
木下若菜,木下 若菜（きのした わかな),,2010年,
今村美穗,（いまむら みほ）,,2010年,
仁科百华,仁科 百A（にしな ももか）,,2010年,（引退）
内田美奈子,内田 美奈子（うちだ みなこ）,,2010年,
内田真由,内田 真由（うちだ まゆ）,,2010年,
弘前亮子,弘前亮子（ひろさき りょうこ）,,2010年,
加藤莉娜,加藤リナ（かとう りな）,,2010年,（引退）
立花绫乃,（たちばな あやの）,,2010年,
立花纱耶,立花 さや（たちばな さや）,,2010年,
北川瞳,北川 瞳,,2010年,(引退)
矢吹杏,矢吹 杏（やぶき あん）,,2010年,
江川小春,江川小春(えがわ こはる),,2010年,
安西优子,Natsu Suzuki,,2010年,铃木 なつ（すずき なつ）
西山希,西山 希（にしやま のぞみ）,,2010年,
西条琉璃,西l るり（さいじょう るり）,,2010年,
仲丘珠树,仲丘 たまき（なかおか たまき）,,2010年,片冈 まきな
有村千佳,有村 千佳（ありむら ちか）,,2010年,2015年引退
宇佐野瞳,宇佐野 瞳（うさの ひとみ）,,2010年,星见あい
佐佐木晴香,佐々木 はるか（ささき はるか）,,2010年,
折笠弥生,折笠弥生（おりかさ やよい）,,2010年,
尾上 ライナ,尾上 ライナ （おがみ らいな）Raina Ogami,,2010年,
初美沙希,Mishimaroku Saburou（はつみ さき）,,2010年,（引退）
伊东由莉雅,伊|ユリア(いとうゆりあ),,2010年,
伊织凉子,伊 鲎樱àいり りょうこ）,,2010年,
希D彩,希D あや（きさき あや）,,2010年,
青木莉子,青木莉子（あおき りこ）,,2010年,
青木琴音,青木 琴音（あおき ことね）,,2010年,
青山劳拉,青山 ロ`ラ（あおやま ろ`ら）,,2010年,
雨宫真贵,雨m 真F（あまみや まき）,,2010年,
京香JULIA,JULIA（じゅりあ）,,2010年,（引退）(2012年复出)
城户叶子,城 ~子（きど ようこ）,,2010年,别名：白石美里（しらいし みさとShiraishi Misato）
相泽莉娜,相 リナ（あいざわ りな）,,2010年,
相川优衣,あいかわ 衣（あいかわ ゆい）,,2010年,
相内诗织,相内 しおり（あいうち しおり）,,2010年,
香坂玲依宁,（こうさかれいら）Reira Kousaka,,2010年,
春菜花,春菜はな（はるな はな）,,2010年,
秋本诗音,秋本音(あきもとしおん),,2010年,
神河美音,神河美音（かみかわ みおん）,,2010年,
若叶久留美,若~くるみ（わかば くるみ）,,2010年,
哀川凛,哀川 りん（あいかわ りん）,,2010年,
美D结衣,美D Y衣（みさき ゆい）,,2010年,
美雪艾莉丝,美雪 ありす（みゆき ありす）,,2010年,
柚本纱希,柚本 希（ゆずもと さき）,,2010年,
前田 阳菜,（まえだ ひな）,,2010年,森川 あみ（森川 美）-铃木 v美-雏丸
宫下翼,m下 つばさ（みやした つばさ）,,2010年,宫下 真央
海老原瞳,海老原ひとみ(えびはらひとみ),,2010年,
原田明绘,原田明}（はらだ あきえ）,,2010年,
桃依沙罗,桃依 さら（ももい さら）,,2010年,
仓木美绪,}木 みお（くらき みお）,,2010年,（引退）
梓唯衣,梓 ユイ（あずさ ゆい）,,2010年,梓 ユイ（あずさ ゆい、1990年10月24日 - ）
岛田阳子,u田子（しまだ ようこ）,,2010年,1953年5月17日－至今
菜月安娜,菜月 アンナ（なつき あんな）,,2010年,
鹿波芽梨,かなみ芽梨(かなみめり),,2010年,
进藤美久,M藤みく（しんどう みく）,,2010年,
朝田芭娜娜,朝田ばなな〈あさだ ばなな〉,,2010年,神似AKB48之大岛优子
朝仓琴美,朝} ことみ（あさくら ことみ）,,2010年,
朝川光,朝川ひかる(あさかわひかる),,2010年,
浅川凉,浅川(あさかわりょう),,2010年,
梅Dほの香,梅Dほの香(うめさきほのか),,2010年,
彩音樱,彩音 さくら（あやね さくら）Ayane Sakura,,2010年,
葵司,葵つかさ (あおい つかさ),,2010年,
爱里未来,あいり みく,,2010年,
爱音ミク,垡籁撺（あいねみく）,,2010年,
福山沙耶香,福山さやか（ふくやま さやか）,,2010年,
蒂亚,ティア（てぃあ）,,2010年,(引退)
玛丽亚・艾莉由里,マリア?エリヨリ,,2010年,
川里菜,川 リナ（るかわ りな）,,2010年,（引退）
双叶美佳,双~ みか（ふたば みか）,,2010年,R森 まほ-来海 みさ-ゆずき 铃-南 みか-みか
S原杏,S原 杏（しのはら あん）,,2010年,
S田步美,S田あゆみ（しのだ あゆみ）,,2010年,别名：池田美和子（いけだ ・ みわこIkeda Miwako）(引退)
优希麻琴,希 まこと（ゆうき まこと）,,2010年,
藤北彩香,藤北 彩香（ふじきた あやか）,,2010年,
藤原瞳,藤原ひとみ（ふじわら ひとみ）,,2010年,
织田真子,田 真子（おだ まこ）,,2010年,
绘色千佳,}色千佳（えいろ ちか）,,2010年,
樱花沙耶,鸦à丹(おうかさや),,2010年,
樱花绘里,@花 えり（おうか えり）,,2010年,
中野亚梨沙,中野 ありさ（なかの ありさ）,,2011年,萝莉系AV女优。
纱仓真菜,} まな（さくら まな）Sakura Mana,,2011年,
爱内希,认(あいうちのぞみ),,2011年,
星美梨香,星美 りか(ほしみりか),,2011年,(引退)
小岛南,小岛 みなみ（こじま みなみ）,,2011年,
星野响,星野ひびき,,2011年,hibiki hoshino-旧名(盘伽窑)2015年以星野响再出现，2016引退
山口理红,山口 理t（やまぐちりく）,,2011年,本名：中西真理香（なかにし まりか，Nakanishi Marika）
大冢莲,（大V れん）,,2011年,Ayase Ren 绫濑莲（绫 れん，井上 美D）
前田优希,前田 希（まえだゆうき）,,2011年,同 星D优菜（ほしざき ゆうな)97 - 59 - 88 (H Cup)
上原瑞穗,上原 瑞[（うえはら みずほ）,,2011年,2012年引退
上原 保奈美,上原 保奈美（うえはら　ほなみ）,,2011年,
神D诗织,神D （かみさき しおり）,,2011年,
石川流花,石川流花（いしかわるか）,,2011年,
鲇川 千里,（あゆかわ ちさと）,,2011年,舟川 ちさと-有村 美优-长谷川 まなみ(引退)
真木今日子,（まき きょうこ）,,2011年,99 - 60 - 88 (I Cup)
真木梓,w木 あずさ（まき あずさ）,,2011年,88 - 59 - 86 (E Cup)
桃香樱,桃香眩à猡猡さくら）,,2011年,
月城瑞妮,月城 ルネ（つきしろ るね）,,2011年,
小向美奈子,小向 美奈子（こむかい みなこ）,,2011年,
小森爱,小森 郏à长猡 あい）,,2011年,别名:盘 香
宇留美真帆,うるや 真帆（うるや まほ）,,2011年,80 - 55 - 82(D Cup)
内山舞,内山 まい（うちやま まい）,,2011年,110 - 61 - 92 (J Cup)河 リナ-さくら 悠
香西D,香西D,,2011年,84 - 57 - 85(D Cup)
堀D莉娅,堀D りあ（ほりさき りあ）,,2011年,94 - 58 - 89 (H Cup)
前田香织,前田 かおり（まえだ かおり）,,2011年,
爱香,AIKA（あいか）,,2011年,
冲田杏梨,_田 杏梨（おきた あんり）,,2011年,（引退）同观月茜
樱濑奈,@ 奈（さくら せな）,,2011年,
佐藤遥希,さとう 遥希（さとう はるき）,,2011年,高森あゆみ? （たかもりあゆみ / Takamori Ayumi）
上原亚衣,上原 衣（うえはら あい）,,2011年,（引退）
南梨央奈,南 梨央奈（みなみ りおな）,,2011年,
夏目优希,夏目 希（なつめ ゆうき）,,2011年,
爱内希,勰 希（あいうち のぞみ ）,,2011年,（引退）
朱音唯,朱音 ゆい（あかね ゆい）,,2011年,（引退）
桐谷尤莉亚,桐谷 ユリア（きりたに ゆりあ）,,2011年,
由爱可奈,由 可奈（ゆめ かな）Yume Kana,,2011年,
小仓柚子,小仓 ゆず（おぐら ゆず）,,2011年,
安城安娜,安城 アンナ（あんじょう あんな）,,2011年,
本庄瞳,ほんじょう ひとみ,,2011年,
枢木美刊[1],枢木 みかん（くるるぎ みかん）,,2011年,
秋吉雏,秋吉 ひな（あきよし ひな）,,2011年,
秋野千寻,秋野 千ぃàきの ちひろ）,,2011年,
奥田D,W田 D（おくだ さき）,,2011年,
佳苗琉花,佳苗 るか(かなえ るか),,2012年,
伊藤舞,伊藤まい(いとうまい),,2012年,まい-筒井有香-响京香-响まい
莲实克蕾雅,g クレア（はすみ クレア）,,2012年,
春原未来,春原 未来（すのはら みき）,,2012年,すのっち-すのちゃん-すのさん-ミキポン
新山枫,新山かえで(にいやまかえで),,2012年,
响真由,まゆ(ひびきまゆ),,2012年,
真白美奈,真白みな(ましろみな),,2012年,
小泉 真希,小泉 真希（こいずみ まき）,,2012年,
野 尤里,野ゆうり(ひめのゆうり)Himeno Yuri,,2012年,市来美保105 - 56 - 86(M)
片桐沙代子,片桐沙夜子（かたぎりさよこ）,,2012年,105 - 65 - 92（H）
大崎 美佳,小泉 真希（おおさき みか）,,2012年,
大场唯,大 ゆい（おおば ゆい）,,2012年,
早爱丽丝,早 ありす（はやせ ありす）,,2012年,
凉宫琴音,すずみや ことね（Suzumiya Kotone）,,2012年,香椎 みなみ（出道），白D 碧（2014），山本 玲奈，えりか-2015年改名为“凉宫琴音”
青山沙希,青山 沙希（あおやま サキ）,,2012年,
尾上 若叶,おのうえ わかば,,2013年,Wakaba Onoue
纱仓真菜,} まな（さくら まな）,,2012年,
麻生希,麻生 希（あそう のぞみ）,,2012年,
泷泽萝拉, ロ`ラ（たきざわ ろ`ら）,,2012年,2012年底引退
芦名尤利娅,芦名 ユリア（あしな ゆりあ）,,2012年,
桐肟,桐 あおい（きりしま あおい）,,2012年,
古川伊织,古川 いおり（こがわ いおり),,2012年,
藤泽美羽,藤 美羽（ふじさわ みう）,,2012年,（引退）
长谷川理穗,L谷川 リホ（はせがわ りほ）,,2012年,
舞D美娜,舞D みくに（まいさき みくに）,,2012年,
板野有纪,板野 有o（いたの ゆうき）,,2012年,
二宫凛,二mC,,2012年,
白石夏美,白石 夏美（しらいし なつみ）,,2012年,
山下优衣,山下 衣（やました ゆい）,,2012年,别名：乙叶七濑
松下光,松下 ひかり（まつした ひかり）,,2012年,
宇佐美奈奈,佐美 なな（うさみ なな）,,2012年,
知花梅莎,知花 メイサ（ちばな メイサ）,,2012年,
一条绮美香,一条 _美香（いちじょう きみか）,,2012年,
上原千寻,上原 千ぃàΔà悉 ちひろ）,,2012年,别名：桐谷M沙（きりたに なぎさ，Kiritani Nagisa）
木村都那,木村 つな（きむら つな),,2012年,
彩美旬果,あやみ 旬果（あやみ しゅんか）,,2012年,
松本芽依,松本メイ（まつもと めい）,,2012年,
饭冈佳奈子, かなこ（いいおか かなこ）,,2012年,别名：藤原辽子（ふじわら りょうこ，Fujiwara Ryoko）
小早川怜子,小早川 怜子（こばやかわ れいこ）,,2012年,
白木优子,白木 子（しらき ゆうこ）,,2012年,
日向优梨,日向 梨（ひゅうが ゆうり）,,2012年,
星野娜美,星野 ナミ（ほしの なみ）,,2012年,
星野来梦,星野来(ほしのらむ),,2012年,97 - 60 - 88 (H)
爱乃娜美,勰 なみ（いとしの なみ）,,2012年,别名：长真子（ながせ まさこ，Nagase Mako）
川上奈奈美,川上奈々美,,2012年,（Kawakami Nanami）
木下和津实,木下 あずみ（きのした あずみ）,,2012年,
滨崎真绪,浜崎 真w(はまさき まお),,2012年,アイコMAI さゆり京野{理奈 Hamasaki mao
山手刊,山手 荩à浃蓼 しおり）,,2013年,
千乃安住,千乃 あずみ（ちの あずみ）,,2013年,别名:ちのちゃん
上城理欧娜,（上城りおな）Kamijo Riona,,2013年,90 - 60 - 86 (E Cup)
川村真矢,川村 まや（かわむら まや）,,2013年,
川菜 美铃,（かわな みすず）,,2013年,河野 みすず-はるか-美铃-Misuzu
中谷美结,中谷 美Y（なかたに みゆ）,,2013年,（引退）
水野朝阳,水野 朝（みずの あさひ）,,2013年,
北川杏树,北川 杏树（きたがわ あんじゅ）,,2013年,（引退）
生稻花步,生R花i（いくいなかほ）,,2013年,安饶涡-サオリ
白石茉莉奈,白石 茉莉奈（しらいし まりな）,,2013年,
玉名美良,玉名 みら（たまな みら）,,2013年,
本庄优花,本庄 花（はるの なな）,,2013年,2014宣布年引退，2016年复出
田原伸江,田原 伸江（たはら のぶえ）,,2013年,素人，2013年10月24日（Ruby）1938年出生，75岁，T：153公分
卯水D流,卯水 D流（うすい さりゅう）,,2013年,
竹下千晶,竹下 千晶（たけした ちあき）,,2013年,
有森凉,（ありもり りょう）,,2013年,事原美优(事原 みゆ)
M野美忧,M野 美n（なぎの みゆ）,,2013年,
宇都宫紫苑,宇都宫 しをん（うつのみや しをん）,,2013年,2015年改名RION回归
宇佐美真井,宇佐美 まい（うさみ まい）,,2013年,
吉川爱美,吉川 あいみ（よしかわ あいみ）,,2013年,
逢坂春菜,逢坂 はるな（あいさか はるな）,,2013年,原AKB48成员
成宫琉璃,成m ルリ（なるみや るり）,,2013年,（引退）
坂口美穗乃,坂口 みほの（さかぐち みほの）,,2013年,（引退）
里中结衣,（さとなかゆい）,,2013年,菅野美衣奈(菅野みいな)
足立尚子,足立 尚子（あだち なおこ）,,2013年,素人，2013年7月4日（CenterVillage）1962年出生，51岁
保坂绘里,保坂 えり（ほさか えり）Hosaka Eri,,2013年,
来那,来那（らいな）,,2013年,
前原友纪,前原友纪(まえはらゆき),,2013年,易名:桥本凉Ryo Hashimoto 82 - 58 - 83 (C Cup)
春乃奈奈,春乃 なな（はるの なな）,,2013年,
桃谷绘里香,桃谷绘里香（桃谷エリカ）,,2013年,（引退）
仓持结爱,仓持结爱（くらもち ゆあ）,,2013年,2014年改名ゆいの；
通野未帆,（とおの みほ）,,2013年,有村ちはる-泽口美帆-小林千里-藤森彩乃
桐胗谰米,桐 永久子（きりし まとわこ）,,2013年,
高冢玲奈,高Vれな（たかつか れな）,,2013年,
原千草,原 千草（はら ちぐさ）,,2013年,
堀内秋美,堀内 秋美（ほりうち あけみ）,,2013年,
爱泽花梨,g かりん（ あいざわ かりん）,,2013年,
凑莉久,莉 久（みなと りく）,,2013年,
崎山鸣海,崎山Q海,,2013年,
爱须心,（あいす ここあ）,,2013年,爱须心爱-たかはし彩芽-マシュマロ☆ココア-保津醪杈-正木唯
爱星里利子,あいせ里利子（あいせりりこ）,,2013年,
椿加奈理,椿 かなり（つばき かなり）,,2013年,
铃村爱里,村あいり（すずむら あいり）Suzumura Airi,,2013年,
铃木心春,木 心春（すずき こはる）,,2013年,素人，2013年 1994年出生，22岁，T：160公分
新山沙弥,新山 沙弥（にいやま さや）,,2013年,
梦乃爱华,裟 あいか（ゆめの あいか）,,2013年,
绪川里绪,w川 りお（おがわ りお）,,2013年,
原爱菜,原 鄄耍à蓼はら まな）,,2013年,Makihara Aina，2013年11月 1995年出生，22岁，T：163公分 B：88公分F 、W：58公分、H：86公分
优菜真白,菜 真白（ゆうな ましろ）,,2013年,88 - 59 - 88 (G)2016复出(星空绮罗里)星空キラリ（ほしぞら きらり）
S原优,S原(しのはらゆう),,2013年,89 55 85 G Cup
橘梨纱,橘 梨纱（たちばな りさ）,,2013年,（引退）
藤井奈奈,藤井奈々（ふじい なな）,,2013年,引退
樱井步,@井 あゆ（さくらい あゆ）,,2013年,别名：加藤 はるき（春希）（かとう はるき，Kato Haruki）
夕城 芹,ゆうき せり,,2014年,89 - 56 - 87 (H Cup)
大空美绪,大空 美w（おおぞら みお）,,2014年,别名：河合优衣（かわい ゆい，Kawai Yui）
木南日菜,木南日菜 (きなみ ひな),,2014年,（引退）
水元惠梨香,水元 {梨香（みずもと えりか）,,2014年,
水原佐奈,水原 さな（みずはら さな）,,2014年,86 - 62 - 85(D Cup)
井上 瞳,（いのうえ ひとみ）,,2014年,95 - 58 - 88 (I Cup)
北野望,北野のぞみ（きたの のぞみ）,,2014年,（引退）
本间丽花,(ほんまれいか),,2014年,
永濑里美,永 里美（ながせ さとみ）,,2014年,别名：早 瞳（はやせ ひとみ，Hayase Hitomi）
安野由美,安野 由美（あんの ゆみ）,,2014年,
宇沙城兰,宇沙城らん(うさぎらん),,2014年,
并木 杏梨,K木 杏梨（なみき あんり）,,2014年,
松冈千菜,松 ちな(まつおか ちな)Matsuoka China,,2014年,（引退）
神尾舞,神尾 舞（かみお まい）,,2014年,
香椎梨亚,香椎りあ（かしい りあ）,,2014年,
高濑杏,高|杏,,2014年,
宫地蓝,宫地蓝(みやじあい),,2014年,
宫部凉花,もりかわすずか,,2014年,100 - 70 - 90(G Cup)
深川铃,深川铃(ふかがわりん)Rin Fukagawa,,2014年,
森川凉花,(みやべりょうか),,2014年,
森春流,森 はるら（もり はるら）,,2014年,
叶月美音,(はづき みおん)Mion Hazuki,,2014年,山岸ゆか（やまぎし ゆか）
铃森 汐那,すずもり せな,,2014年,（引退）
铃原爱蜜莉,原 エミリ（すずはら えみり）,,2014年,（引退）
葵,葵（あおい）,,2014年,
实栗柚音,g栗ゆね（みくりゆね）,,2014年,85 - 57 - 84(D Cup)
涩谷果步,谷 果i（しぶや かほ）,,2014年,
雾岛樱,Fu さくら（きりしま さくら）,,2014年,92 - 59 - 88 cm(I Cup)
樱由罗,さくらゆら,,2014年,（引退）
樱井心菜,樱井心菜(さくらいここな),,2014年,本上ゆき-中野辽子
芦田知子,芦田 知子（あしだ ともこ）,,2014年,别名：柿田知子（かきた ともこ，Kakita Tomoko）
一之濑遥,一ノ はるか（いちのせ はるか）,81 - 58 - 83(C Cup),2015年,波木 はるか（なみき はるか）
二宫和香,二m和香（にのみや わか),85 - 58 - 85 ( F Cup),2015年,能美 ちなつ-立原 みずき
七原朱莉,七原あかり（ななはらあかり）ayana rina,100 - 60 - 96(I Cup),2015年,彩奈 リナ（あやな りな）
七菜原湖子,七菜原ココ(ななはら ここ),87 - 59 - 87 cm (F Cup),2015年,
八桥彩子,八ッ颏丹ぷ樱à浃膜悉 さいこ),87 - 56 - 89 (G Cup),2015年,さい子ちゃん-ミ`ナ-本条 さえこ
天羽茧,天羽O,,2015年,
三原穗花,三原ほのか（みはら ほのか),90 - 58 - 85 (G Cup),2015年,
三上悠亚,三上 悠（みかみ ゆあ）,84 - 59 - 88 cm (E Cup),2015年,原SKE48成员鬼头桃菜
三井悠乃,三井悠乃（みつい ゆの),( Cup),2015年,
三喜本望,三喜本 のぞみ（みきもと のぞみ）Mikimoto Nozomi,105 - 62 - 95 (J Cup),2015年,运动员出身
三好亚矢,三好矢（みよし あや),( Cup),2015年,
上野莉奈,上野莉奈（うえの りな）,( Cup),2015年,
大岛优香,大u香（おおしま ゆうか）,88 - 59 - 88(F Cup),2015年,
小川桃果,小川桃果（おがわ ももか）,91 - 61 - 92(G Cup),2015年,
小高里保,小高里保（こだか りほ),88 - 59 - 89 (D Cup),2015年,
小椋红豆,小椋あずき（おぐら あずき）,83 - 58 - 84(C Cup),2015年,岛崎 结衣
小泉麻里,小泉まり（こいずみ まり),88 - 59 - 93(E Cup),2015年,
小西美香,小西みか（こにし みか),100 - 64 - 90(J Cup),2015年,
小野寺梨纱,小野寺梨（おのでら りさ）,83 - 58 - 90( C Cup),2015年,
川麻衣,川麻衣（かわせ まい）,85 - 60 - 90 ( Cup),2015年,名ありさ、舞川セナ
川原里奈,川原里奈（かわはら りな),82 - 60 - 86 ( Cup),2015年,
久我花音,久我かのん（くが かのん),92 - 63 - 88(H Cup),2015年,
天衣萌香,天衣萌香（あまい もか）,80 - 56 - 80(D Cup),2015年,
天音凛,天音りん（あまね りん）,( Cup),2015年,
中岛美奈子,中u美奈子（なかしま みなこ),( Cup),2015年,
中肜褡,中肜褡樱à胜じま　れいこ),( Cup),2015年,
中泽丽,中丧欹,,2015年,
水原梨花,水原 梨花（みずはら りんか）,86 - 58 - 85(F Cup),2015年,
水胄邮,水胄洌à撙氦筏 あんじゅ),87 - 58 - 86(E Cup),2015年,
水城莉乃,水城りの（みずしろ りの)Rino Mizushiro,83 - 63 - 87 (C Cup),2015年,
水岛光,水uひかり（みずしま ひまり),82 - 60 - 83( Cup),2015年,川神 さち-琥珀 さち-りこ-さちのうた
水谷葵,水谷あおい（みずたに あおい),85 - 60 - 86 (D Cup),2015年,
今村加奈子,いまむらかなこ、Imamura Kanako,80 59 85 CM(B Cup),2015年,
木下宁宁,木下々（きのした ねね),88 - 59 - 85( Cup),2015年,
今浪索娜,今浪そな（いまなみ そな）,74 - 54 - 79(A Cup),2015年,
片冈 りさ,片 りさ（かたおか りさ),86 - 58 - 88(C Cup),2015年,市原 由芽（いちはら ゆめ）
片平茜,片平あかね（かたひら あかね),93 - 60 - 88 (G Cup),2015年,前日本花样游泳国家队运动员
市川雅美,市川まさみ（いちかわ まさみ）,81 - 61 - 91 (C Cup),2015年,引退
北乃遥,北乃はるか(きたのはるか),,2015年,
北山柑菜,北山かんな（きたやま かんな),90 - 57 - 88 (H Cup),2015年,并木静香
白石南,白石みなみ（しらいし みなみ),( Cup),2015年,
白石未央,白石みお（しらいしみお),87 - 60 - 91 (G Cup),2015年,かなで 自由（かなで みゆ）
白跤⒗砟,白跤⒗砟危à筏椁 えりな),( Cup),2015年,
白桃心奈,白桃心奈（はくとう ここな),( Cup),2015年,
可爱麻友,可郅蓼妫àわい まゆ),( Cup),2015年,一之まゆ
本多ちひろ,本多ちひろ（ななみ ゆあ),83 - 59 - 84(B Cup),2015年,猪田 有以-土田 さやか-七海 ゆあ（ななみ ゆあ）
加藤纱理奈,加藤纱理奈(かとうさりな)Katoh Sarina,,2015年,G井歌苗（エッチな）
臼井里美,臼井さと美（うすい さとみ）,84 - 56 - 84(D Cup),2015年,
宇多田美香,宇多田みか（うただ みか）,( Cup),2015年,
宇野杏奈,宇野杏奈（うの あんな）,93 - 66 - 92(H Cup),2015年,早野 いちか（はやの いちか）
昴菊孀,昴菊孀樱à丹àまこ）Mako Saeki,89 - 59 - 88(D Cup),2015年,
江上诗穗,江上しほ（えがみ しほ）,86 - 66 - 86( G Cup),2015年,
江奈琉璃,江奈るり（えな るり）,80 - 56 - 83(B Cup),2015年,
冲田奈奈,_田奈々（おきた なな）,93 - 60 - 90( Cup),2015年,
杉崎绘里奈,杉崎}里奈（すぎさきえりな）Sugisaki Erina,86 58 85(E Cup),2015年,河岛望美
辉月杏梨,x月 あんり（きづき あんり）,83 - 56 - 87(C Cup),2015年,
葵千惠,葵千{（あおい ちえ ）,83 - 61 - 83(F Cup),2015年,
园田美樱,@田 みおん（そのだ みおん）,90 - 58 - 88 cm (G Cup),2015年,
浅田结梨,浅田 Y梨（あさだ ゆうり）,88 - 60 - 89 cm (F Cup),2015年,
绫原舞,c原舞（c原まい）,,2015年,
广濑海, うみ（ひろせ うみ）,86 - 56 - 86 cm(E Cup),2015年,
原千岁,原千q（原ちとせ）,83 - 60 - 85（C Cup）,2015年,
藤川千夏,ふじかわちなつ Fujikawa Chinatsu,88 - 56 - 85cm (E Cup),2015年,
长谷川留衣,L谷川 るい（はせがわ るい）,82 - 58 - 83 cm (D Cup),2015年,
樱井柚子,丫柚子（@井ゆづ）,90 58 86(G),2015年,
菜菜叶,菜々~（ななは）,83 - 56 - 81 cm (E Cup),2015年,爱羽なな
雨乃滴,雨乃滴（雨乃しずく）,86 - 60 - 91 (E Cup),2015年,
美竹玲,美竹 すず（みたけ すず）,92 - 57 - 85 cm (H Cup),2015年,
铃木真夕,木 真夕（すずき まゆ）,83 - 60 - 85 cm (F Cup),2015年,
浅香结菜,浅香结菜（あさかゆいな ）Yuina Asaka,85 - 61 - 86,2015年,
花泽杏,花丧ン（はなざわあん）,83 - 48 - 80cm (D Cup),2015年,
爱Dえな,Dえな（あいさき えな）,88 - 60 - 86(F Cup),2015年,
逢月春奈,逢月はるな（あいつき はるな）,82 - 55 - 84(B Cup),2015年,
相原翼,相原翼（あいはら つばさ）,82 - 56 - 88( Cup),2015年,
相武D罗,あいむD_（あいむ さら）,( Cup),2015年,
葵玲奈,葵玲奈（あおいれな）,80 - 57 - 85(A Cup),2015年,
碧木凛,碧木凛（あおき りん）,78 - 60 - 85( B Cup),2015年,
青岛枫,青uかえで（あおしま かえで）,( Cup),2015年,柿崎理央-松山莉绪
青野圣罢,青野セイラ（あおの せいら）,89 57 87(F),2015年,
秋月小町,秋月小町（あきづき こまち）,87 59 91(F),2015年,
秋野早苗,秋野早苗（あきの さなえ）,87 60 87(E Cup),2015年,
秋元雏乃,秋元ひなの（あきはら ひなの）,( Cup),2015年,
迹美珠里,E美しゅり（あとみ しゅり）,85 - 55 - 85(B Cup),2015年,
舞园ひな,舞@ひな（まいぞの ひな）,( Cup),2015年,绫 ことり-山王堂 ともみ
鲇川柚,R川柚（あゆかわ ゆずき）,83 58 85(C),2015年,
鲇菜虹恋,あゆな虹恋（あゆな にこ）,85 58 87(E),2015年,
有贺柚亚,有Rゆあ（ありが ゆあ）,83 - 57 - 83(C Cup),2015年,
有泽杏,有g杏（ありさわ あん）,83 59 84( Cup),2015年,
杏,杏（あん）,( Cup),2015年,このみ あん
池端真g,池端真g（いけはた まみ）,90 - 60 - 87( Cup),2015年,
奥菜莉乃,奥菜莉乃（おきな りの）,86 58 87(E Cup),2015年,
和泉润,和泉（いずみ じゅん）,88 - 61 - 90 (E Cup),2015年,
河西希,河西希（かさい のぞみ),98 59 86(J Cup),2015年,
香波凉,香波りょう（かなみ りょう),88 59 85( E Cup),2015年,
华原{里奈,A原{里奈（かはら えりな),85 59 83( Cup),2015年,
神木沙也加,神木さやか（かみき さやか),85 - 60 - 90(F Cup),2015年,
菊池雏乃,菊池 ひなの（きくち ひなの),90 - 58 - 88 (F Cup),2015年,前田 のの（まえだ のの ）
君尾美央,きみお 美央（きみおみお),82 - 58 - 87 ( E Cup),2015年,来栖 みさ（くるす みさ)-立木 美绪-美D　爱-白石まなみ
君野奈津,きみの奈津(きみのなつ),110 - 57 - 84(L Cup),2015年,
桐岛美奈子,桐u美奈子（きりしま みなこ),90 - 60 - 88(G Cup),2015年,
桐胩蚁,桐毪猡庀悖àりしま ももか),81 51 84 ( Cup),2015年,
桐肜蚰,桐毪辘危àりしま りの),84 - 54 - 82 (E Cup),2015年,
熊谷みさ子,熊谷みさ子（くまがい みさこ),( Cup),2015年(40),
仓木志乃,}木志乃（くらき しの),86 59 88( Cup),2015年(19),
栗山香纯,栗山香（くりやま かすみ),82 - 58 - 84 (C Cup),2015年,
幸田由真,幸田ユマ（こうだ ゆま),82 - 55 - 83(C Cup),2015年,
褂瘠毪,褂瘠毪撸à长坤 るみ),90 - 65 - 80(F Cup),2015年,
早乙女美美,早乙女美々（さおとめ みみ),90 - 55 - 88(F Cup),2015年,
酒井纱也,酒井也（さかい さや),70 - 56 - 76( Cup),2015年,
D乃柑菜,D乃柑菜（さくの かんな),82 - 58 - 84(C Cup),2015年,
樱昴流,@すばる（さくら すばる),78 58 80 (B Cup),2015年,
樱千奈美,@ちなみ（さくら ちなみ),94 - 58 - 89 (G Cup),2015年,
仲村绘丽奈,仲村 えれな（なかむらえれな),83 - 53 - 81 ( E Cup),2015年,
椎奈沙罗,椎奈さら（しいな さら),( Cup),2015年,和登こころ
椎名空,椎名そら（しいな そら),88 - 58 - 87 (E Cup),2015年,
椎谷爱结,椎谷劢Y（しいやりぼん),85 61 91(E Cup),2015年,
岛崎莉子,u崎りこ（しまざき りこ),83 - 56 - 81 ( D Cup),2015年,
胍耙Ｏ,胍耙Ｏ悖à筏蓼 はるか)Haruka Shimano,84 58 87(E Cup),2015年(19),
城崎桐子,城崎桐子（しろさき とうこ),83 - 60 - 90 (C Cup),2015年,
新川优衣,新川衣（しんかわ ゆい),85 - 59 - 86 ( Cup),2015年,
凉宫凉,凉mすず（すずみや すず),88 - 55 - 80 (F Cup),2015年,
凉宫音,mのん（すずみや のん),84 - 57 - 83 ( Cup),2015年,
铃森萝莎,森ロ`サ（すずもりろ`さ),95 56 86(H Cup),2015年,
リンドル星川,リンドル星川（りんどる ほしかわ),78 - 51 - 75(A Cup),2015年,
若菜菜,若菠撙扭剩à铯つき みづな),97 62 92(H Cup),2015年,
若菜かなえ,若菜かなえ（わかな かなえ),( Cup),2015年,
若菜奈央,若菜奈央（わかな なお),88 - 58 - 88(F Cup),2015年,
结菜绘麻,Y菜えま（ゆいな えま),( Cup),2015年,
雪谷千奈美,雪谷ちなみ（ゆきたに ちなみ),78 - 57 - 82( Cup),2015年,
舞园にこ,舞@にこ（まいぞの にこ),79 - 60 - 90 ( Cup),2015年,
南菜菜,南菜々（みなみ なな）,83 - 56 - 85 (D Cup),2015年,牧村雏(牧村ひな)
松井优子,松井子（まつい ゆうこ),87 - 58 - 87(F Cup),2015年,
松浦ゆきな,松浦ゆきな（まつうら ゆきな),80 - 60 - 84 (B Cup),2015年,
松下纱炎,松下炎樱à蓼膜筏 さえこ),88 - 57 - 86 (F Cup),2015年,
桃乃木香奈,桃乃木かな（もものぎ かな）,80 - 54 - 80 (F Cup),2015年,松胝媛椋à蓼膜筏 まあさ)
美凉里菜,美訾辘剩à撙工 りな),88 - 59 - 90(F Cup),2015年,
美月笑麻,美月笑麻（みづき えま),( Cup),2015年,
美月乃爱,みづき乃郏à撙扭 のあ),( Cup),2015年,
美堂かなえ,美堂かなえ（みどう かなえ),80 - 58 - 84 (D Cup),2015年,
皆野爱,皆野あい（みなの あい),86 - 58 - 85(D Cup),2015年,
南希海,南希海（みなみ のぞみ),83 - 58 - 79 (D Cup),2015年,
南麻友,南まゆ（みなみ まゆ),88 - 61 - 85(E Cup),2015年,
美星琉花,美星るか（みほし るか),( Cup),2015年,
宫本七音,m本七音（みやもと どれみ),( Cup),2015年,
宫下华奈,m下A奈（みやした かな),81 - 58 - 80(B Cup),2015年,
向井志保,向井しほ（むかい しほ),( Cup),2015年,
花D一杏,花Dいあん（はなさき いあん),83 - 58 - 85(C Cup),2015年,
羽田璃子,羽田璃子（はねだ りこ),82 - 63 - 86 (C Cup),2015年,
早川瑞希,早川瑞希（はやかわ みずき),88 - 60 - 88 (D Cup),2015年,
叶山友香,~山友香（はやま ともか),88 - 57 - 86( Cup),2015年,
叶山美空,~山美空（はやま みく),92 - 70 - 90(F Cup),2015年,
春川圣圣爱,春川せせら（はるかわ せせら),83 - 59 - 88 (C Cup),2015年,
春宫凉,春mすず（はるみや すず),90 - 57 - 85 (F Cup),2015年,
成宫晴明,成mはるあ（なりみや はるあ),97 - 58 - 87 (H Cup),2015年,阳D希美（ひなた のぞみ）-叶月绚音
雏森御子,r森みこ（ひなもり みこ),85 - 58 - 85(D Cup),2015年,
星井笑,星井笑（ほしい えみ),90 - 59 - 88 (G Cup),2015年,诸星 エミリ`（もろぼし えみり`）
星南光莉,星南きらり（ほしな きらり),98 - 59 - 92(H Cup),2015年,冈g リナ（おかざわ りな）
那月芽衣,那月めい（なつき めい),82 - 59 - 83 ( Cup),2015年,
并木あゆ,K木あゆ（なみき あゆ),83 - 57 - 85( Cup),2015年,安田真弓
成宫いろは,成mいろは（なりみや いろは),86 - 61 - 88(D Cup),2015年,
鸣月蓝,Q月らん（なるつき らん),85 - 58 - 86( Cup),2015年,
西野希,西野希（にしの のぞみ),83 - 57 - 85 (C Cup),2015年,
西原里伊奈,西原里伊奈（にしはら りいな),85 - 58 - 85(D Cup),2015年,
野本京香,野本京香（のもと きょうか),( Cup),2015年,
折原穗花,折原ほのか（おりはら ほのか）,92 - 58 - 84 (H Cup),2015年,
中文译名,日文原名,三围(罩杯),出道年份(岁),备注
二阶堂百合,二A堂ゆり(にかいどう ゆり),97 65 93(H),2016年,
九条沙也加,九条さやか(くじょうさやか),95 57 88(I),2016年,
三岛奈津子,三u 奈津子（みしま なつこ）,103 60 95(I),2016年(34),
小池里菜,小池里菜(こいけりな),,2016年(23),
山口沙英,山口沙英(やまぐちさえ),,2016年(26),
久野圣奈,久野せいな (くのせいな),,2016年(19),
千野久留美,千野くるみ Chino Kurumi,,2016年,
天野美优,天野美(あまのみゆ),95 60 90(G),2016年,
日比乃里美,日比乃さとみ(ひびのさとみ)Satomi Hibino,,2016年,
跆镎媲,跆镎媲(とだまこと)Makoto Toda,,2016年,
今井真由美,今井 真由美（いまい まゆみ）Mayumi Imai,80 58 83(C),2016年(37),
今井纯夏,今井すみか(いまいすみか)Imai Sumika,,2016年,
今宫泉,今mいずみ(いまみやいずみ)Izumi Imamiya,,2016年,
北川柚子,北川 ゆず（きたがわ ゆず）Yuzu Kitagawa,83 58 84(D),2016年(20),
由花爱菜,ゆいかまなMana Yuika,84 59 82,2016年,
石原优香,石原ゆうか(いしはらゆうか)Yuka Ishihara,,2016年,
白石堇,白石すみれ Sumire Shiraishi,,2016年,
白川麻衣,白川麻衣(しらかわまい),,2016年,
百合D润美,百合Dうるみ(ゆりさきうるみ),86 - 58 - 88(D),2016年,
池井户惠美里,池井酯ē撺(いけいどえみり),,2016年,
成宫美琴,成mみことMikoto Narumiya,(I),2016年,
西园寺美月,西@寺ミヅキ(さいおんじみづき)Saionji Mizuki,,2016年,同:白金 れい奈（しろがね れいな）
坂井里美,坂井里美(さかいさとみ)Satomi Sakai,90 59 89(G),2016年(19),
赤根葵,あかね葵（あかね あおい）,82 58 84(D),2016年,
赤梨美来,あかり美来（あかり みく）,88 52 83(G),2016年,
佐佐木明希,佐々木あき,82 58 86 (C),2016年,已经结婚-并育有2个小孩
佐佐波 绫,佐々波 c（さざなみ あや）,84 59 87(D),2016年,
佐野葵,佐野あおい(さのあおい),88 60 89(E),2016年,
河西ちなみ,Kasai Chinami,,2016年,西河みなみ-今永美玖
初野心,初野こころ(はつのこころ),92 60 88(H),2016年(21),
桃木希,もも き希（ももき のぞみ）,88 62 88(D),2016年,2015年写真女优出道
阿川里穗,阿川りほ(あがわりほ)Riho Agawa,83 58 82(D),2016年(18),
并木塔子,K木塔子(なみきとうこ),77 65 94(B),2016年,
青山华,青山はなHana Aoyama,85 58 83(F),2016年(27),
前园希美,Nozomi Maezono,,2016年,
柳美和子,柳あきら(やなぎみわこ)Akira Yanagi,,2016年(32),
南真菜果,南真菜果(みなみまなか)Manaka Minami,95 62 91(H),2016年,
神木优爱,神木(かみきゆあ)Yua Kamiki,,2016年(19),
神谷秋妃,神谷秋妃(かみやあき)Kamiya Aki,90 63 94(F),2016年(38),
美D绫,美Dあや(みさきあや)Misaki Aya,85 60 85(E),2016年,
秋月心音,秋月心音(あきづきここね)Kokone Akizuki,,2016年,
星空绮罗里,星空キラリ(ほしぞらきらり)Kirari Hoshizora,,2016年,
相川润,相川(あいかわじゅん),85 57 83(F),2016年,
高桥圣子,高 しょう子(たかはししょうこ),88 59 86(G),2016年,
纱纱原百合,々原ゆりSasahara Yuri,86 59 82(D),2016年,
G川里穗,G川りほ(ささかわりほ),,2016年,
G仓杏,G}杏(ささくらあん)An Sasakura,96 60 88(H),2016年(26),
G山千寻,G山千(ささやまちひろ),,2016年,
真木由香里,真木ゆかり(まきゆかり)Maki Yukari,,2016年,
G本结爱,G本Y(ささもとゆらら)Yurara Sasamoto,,2016年,
埴生御子,埴生みこ(はにゅうみこ)Miko Hanyuu,,2016年,
凰香奈芽,凰 かなめ（おおとり かなめ）,83 58 84(C),2016年,出道前是日本Youtuber
夏目晶,夏目あきら(なつめあきら)Natsume Akira,,2016年,
渡边由梨香,渡x由梨香（わたなべゆりか）,,2016(33)年,
最上架纯,最上架(もがみかすみ),83 55 87(D),2016年,
新井梓,新井梓(あらいあずさ)Azusa Arai,,2016年,
舞岛明里,舞岛あかりAkari Maishima,,2016年,
舞野树里,舞野いつき(まいのいつき)Itsuki Maino,,2016年,
荣川乃亚,汛 乃（えいかわ のあ）,79 62 83(B),2016年,
绪奈萌,w奈もえ(おな もえ)Moe Ona,,2016年,
桥本有菜,虮兢りな(はしもとありな)Arina Hashimoto,,2016年,
S崎美绪,S崎みお(しのざきみお),,2016年,
樱井绫音,@井c音(さくらいあやね),,2016年,
观月奏,Q月奏Mizuki Kanade,,2016年,
一之濑桃,一ノもも(いちのせもも),,2017年(),
一之濑美树,一ノみき(いちのせみき),,2017年(),
二之宫庆子,二ノmc子(にのみやけいこ),,2017年(48),
七泽美亚,七gみあ(ななさわみあ),,2017年(18),
久保田庆子,久保田c子(くぼきょうこ),,2017年(32),
久保今日子,久保今日子(くぼきょうこ),,2017年(43),
大日向遥,大日向遥(おおひなはるか),,2017年(21),
大泷华莲,大鋈A(おおたきかれん),,2017年(18),
大岛阳菜,大岛ひな（おおしまひな）,(G)89 59 88,2017年,
大里望,大里のぞみ(おおさとのぞみ),,2017年(26),
大杜若羽,大杜若羽(おおとわかば),,2017年(25),
千早希,千早希(ちはやのぞみ),,2017年(19),
千夏麻里奈,千夏まりな(ちなつまりな),,2017年,
小胙敲,小美(こじまあみ),(F),2017年(),
小川莉奈,小川莉奈(おがわりな),,2017年(30),
小松美柚羽,小松美柚羽(こまつみゆは),,2017年,
小出亚衣子,小出衣子(こいであいこ),(D)84 60 85,2017年,
小仓由菜,小}由菜(おぐらゆな),,2017年,
小泽真菜,小嗓蓼剩àざわまな）,,2017年,
工藤真波,工藤まなみ(くどうまなみ),,2017年,
上园由里香,上@ゆりか(うえぞのゆりか),(E)85 60 83,2017年,
川北里菜,川北りな(かわきたりな),,2017年,
三浦加铃,三浦加铃(みうらかりん),,2017年,
山本铃,山本(やまもとりん),87 63 97,2017年,
山岸逢花,山岸逢花(やまぎしあいか),,2017年,
木村真理绘,木村真理}(きむらまりえ),(G)90 63 83,2017年,
天音弥生,あまね弥生(あまねやよい),,2017年,
天海心,天海こころ(あまみこころ),,2017年,
五十岚润,五十岚润(いがらしじゅん),,2017年,
五十岚星兰,五十剐翘m(いがらしせいらん),,2017年,
今井梦露,今井メロ（いまい メロ）,(F)89 63 88,2017年,日本前奥运选手
井上真帆,井上真帆(いのうえまほ),,2017年,
井上铃,井上すず(いのうえすず),,2017年,井上铃、井上兰双胞胎
井上兰,井上らん,,2017年,井上铃、井上兰双胞胎
水泽薰,水gかおり(みずさわかおり),,2017年,
水川枫,水川かえで(みずかわかえで),,2017年,
水卜樱,水卜さくら(みうらさくら),(G)79 52 78,2017年,
水澄光,水澄ひかり(みすみひかり),,2017年,
中原爱子,中原圩(なかはらあいこ),,2017年,
手冢朱里,手冢あかり(てづかあかり),,2017年,白雪结花-高x舞花-山崎麻里子
日野美琴,日野みこと(ひのみこと),,2017年,
日菜菜彩音,日菜々はのん(ひななはのん),,2017年,
日向曜,日向曜(ひなたよう),,2017年(18),
日向ひなたが,日向ひなた(ひゅうがひなた),,2017年(30),
本庄真理,本庄真理(ほんじょうまり),,2017年,
本城奈奈,本城ナナ(ほんじょうなな),,2017年,
永井,永井すみれ(ながいすみれ),,2017年,
立花优花,立花优花(たちばなゆうか),(C)85 62 88,2017年,
石原琉璃香,石原 ルリカ（いしはら るりか）,,2017年,
石原妮可,石原ニコル(いしはらにこる),,2017年,
石川みりん,（いしかわ みりん）,,2017年(19),
石川v奈,石川v奈（いしかわゆうな）,,2017年,
石仓沙绪里,石仓沙绪里(せきくらさおり)Sekikura Saori,(G)101 60 90,2017年,
四叶丽,四ツ叶うららYotsuba Urara,(D)88 56 86,2017年,
加藤美由纪,加藤みゆ纪(かとうみゆき),,2017年,
加藤桃果,加藤ももか(かとうももか),,2017年,
糸S遥,糸S遥(いとしのはるか),,2017年,
白糸铃,白糸りん(しらいとりん),,2017年,
平真凛,平真凛(たいらまりん),(J)103 57 91,2017年,
平野里实,平野里g(ひらのさとみ),,2017年,
平怜奈,平怜奈(たいられいな),,2017年,
平本萌衣沙,平本めいさ(ひらもとめいさ),,2017年,
冬D真白,冬Dましろ(ふゆさきましろ),,2017年,
北见佳奈美,北见かなみ(きたみかなみ),,2017年,
北野萤,北野ほたる(きたのほたる),,2017年,
生田未来,生田みく(いくたみく),,2017年,
本庄真理,本庄真理く(ほんじょうまり),（D）87 62 87,2017年,
竹内瞳,竹内瞳(たけうちひとみ),,2017年,
江藤侑里,江藤侑里(えとうゆうり),,2017年,
吉泽凉子,吉嗓辘绀Δ(よしざわりょうこ),,2017年,
有坂深雪,有坂深雪(ありさかみゆき),,2017年,
有花萌,有花もえ(ありはなもえ),,2017年(18),
有村未华子,有村みかこ(ありむらみかこ),,2017年,双亲是著名钢琴家
羽海野真央,羽海野まお(うみのまお)Umino Mao,(I)101 62 90,2017年,
池内凉子,池内鲎(いけうちりょうこ),,2017年,
成海明日香,成海あすか(なるみあすか),,2017年,
百百谷莉亚,百々谷りあ(ももたにりあ),92 59 88(H),2017年,
百式葵,百式あおい(ももたけあおい),,2017年,君胝嬗伞⑸侥谟鸭
竹田梦,竹田ゆめ(たけだゆめ),,2017年,
竹内乃爱,竹内乃(たけうちのあ),,2017年,
竹内麻耶,竹内麻耶(たけうちまや),,2017年,
糸S遥,糸S遥(いとしのはるか),,2017年,
西木野爱华,西木野爱华( にしきのあいか) Nishikino Aika,,2017年,
妃宫侑里,(ひめみやゆうり),,2017年,
佐佐波里,佐々波りの(ささなみりの),,2017年,
佐佐木惠奈,佐々木えな(ささきえな),,2017年,
佐佐木悠,佐々木ゆう(ささきゆう),,2017年,
佐仓宁宁,佐仓ねね(さくらねね)Sakura-Nene,(H)95 58 88,2017年,
佐藤千明,佐藤千明(さとうちあき),,2017年,
佐藤可怜,佐藤カレン(さとうカレン),,2017年,
门胁美希,T|みき(かどわきみき),,2017年(31),
志田渚,志田なぎさ(しだなぎさ),,2017年,
志田雪,志田ゆき(しだゆき),,2017年,
君岛麻里耶,君uまりや(きみじままりや)Kimijima-Mariya,(H)104 70 90,2017年,
折原由罗,折原ゆら(おりはらゆら),,2017年,
昴韭,昴兢辘(さえきりつ),,2017年,
安西光,安西ひかり(あんざいひかり),,2017年,
初美铃,初美りん(はつみりん),,2017年,
杉浦杏奈,杉浦杏奈(すぎうらあんな),,2017年,
花守未来,花守みらい(はなもりみらい),,2017年(19),
松冈美绪,松美w(まつおかみおMatsuoka Mio,(F)88 58 88,2017年,
松冈玲奈,松冈玲奈(まつおかれな),,2017年,
松田真奈,松田真奈(まつだまな),,2017年,
松田美子,松田美子(まつだみこ),,2017年,
松浦理央,松浦理央(まつうらりお),(I),2017年(27),
和久井小夏,和久井こなつ(わくいこなつ),,2017年,
和久井麻结,和久井麻结(わくいまゆ),,2017年,
岬奈奈美,岬ななみ(みさきななみ),(D)80 59 83,2017年,
冈野美由纪,冈野美由纪(おかのみゆき),,2017年,
长谷川舞,L谷川舞(はせがわまい),,2017年,
长谷川奈奈,长谷川奈々(はせがわなな),,2017年,
长望美,L望美(ながせのぞみ),,2017年,
阿部刊菜,阿部莶(あべかんな),,2017年,
河原枫,河原かえで(かわらかえで),,2017年,
青山沙也加,青山沙也加(あおやまさやか),,2017年,
并树光,K浃窑り(なみきひかり)Namiki Hikari,(H)93 56 89,2017年,
秋元真由罗,秋元まゆら(あきもとまゆら),,2017年,
秋本惠,秋本{ (あきもとめぐみ)Akimoto Megumi,,2017年(19),
桃色尤利娅,桃色ゆりあ(ももいろゆりあ),,2017年,
音市真音,音市真音(おいちまお),,2017年,
音ノ木樱花,音ノ木さくら(おとのぎさくら),,2017年,
皆川爱蕾娜,皆川エレナ(みながわえれな),,2017年,
香苗玲音,香苗レノン(かなえれのん),,2017年,
星奈爱,星奈あい(ほしなあい),,2017年,
星川光希,星川光希(ほしかわみつき),,2017年,
星野さくら,星野さくら(ほしのさくら),,2017年(34),
美玲,美玲(めいりん)Meirin,,2017年,
美竹铃,美竹すず(みたけすず),,2017年,
美谷朱里,美谷朱里(みたにあかり),,2017年,
南麻友,南まゆ(みなみまゆ),,2017年,
南河茜,南河あかね(みながわあかね),,2017年,
南ゆき,南ゆき(みなみゆき),,2017年,
x野圣奈,x野圣奈(はたのせいな),,2017年,
神坂雏乃,神坂ひなの(かみさかひなの),,2017年,
神崎摩卡,神崎モカ(かんざきもか),,2017年,
神谷みなみ,神谷みなみ(かみやみなみ),,2017年(30),
柚月铃,柚月すず(ゆづきすず),,2017年(),
D野の花,D野の花(さきののか),,2017年,
野菖蒲,野あやめ(ひめのあやめ),,2017年,
风梨结爱,ふわりY(ふわりゆあ),,2017年,
风间莉娜,Lgリナ(かざまりな),,2017年,
胡桃多惠,胡桃たえ（くるみたえ）,,2017年,
胡桃华,胡桃A(くるみはな),95 60 90(I),2017年,
泉莉音,泉りおん(いずみりおん),,2017年,
后藤里香,后藤里香(ごとうりか)Rika Gotō,,2017年(33),
逢泽玛丽亚,逢gまりあ(おうさわまりあ),,2017年,
茜花,茜はな(あかねはな),,2017年,
乃兰,乃はる（ひめのはる）,,2017年,
高梨琉,高梨琉(たかなしるう),,2017年,
高木千里,高木千里(たかぎちさと),,2017年,
桐岛瞳,桐uひとみ(きりしまひとみ),,2017年,
桐山结羽,桐山Y羽(きりやまゆうは),,2017年,
玲央奈,玲央奈(れおな),,2017年,
真白湖子,真白ここ(ましろここ),,2017年,
栗衣美伊,栗衣みい(くりいみい),,2017年,
渚まどか,渚まどか(なぎさまどか),,2017年(18),
麻生真理,麻生まり(あそうまり),,2017年,
麻井海未,麻井海未(あさいうみ),(C)86 58 90,2017年,
梅田实,梅田みのり(うめだみのり),,2017年,
~,~(しずく),(),2017年,
细川绫乃,川c乃(ほそかわあやの),,2017年(18),
凉风小梅,鲲Lこうめ(すずかぜこうめ),,2017年,
凉宫真白,凉宫ましろ(すずみやましろ),,2017年,
雪染千奈,雪染ちな(ゆきぞめちな),,2017年,
望月憧,望月あられ(もちづきあられ),,2017年,
望月雏子,望月ひなこ(もちづきひなこ),,2017年,
望月萌奈,望月もな(もちづきもな),,2017年,
\木れ,\木れ(くろきれ),,2017年,
\川美D,\川美D,,2017年,
\川纱里奈,\川サリナ,,2017年,
富田百百香,富田百々香,,2017年(41),
渡边芽衣,渡x芽衣(わたなべめい),,2017年(19),
渡边千纱,渡x千纱(わたなべちさ),,2017年(19),
彩音花音,彩音かのん(あやねかのん),,2017年(),
远野朱莉,h野あかり(とおのあかり),,2017年,
远野杏南,远野杏南(とおのあんな),,2017年,
植村惠名,植村{名(うえむらえな),,2017年,
喜川英里华,喜川エリカ(きやまえりか)Kiyama Erika,,2017年,
c原理央,c原理央(はぎわらりお),,2017年,
奥村卡亚,奥村かや(おくむらかや),,2017年,
椎名空,椎名空(椎名そら),,2017年,
希美,希美(さかいのぞみ),(H),2017年,
铃木みか,木みか(すずきみか),,2017年,
铃森柚季,铃森柚季(すずもりゆずき)SuzumoriYuzuki,,2017年,
森永ぴの,森永ぴの(もりながぴの),,2017年,
森下阳子,森下子(もりしたようこ)Yoko morishita,,2017年,
森月茉由,森月茉由(もりつきまゆ),,2017年,
森野小鸟,もりの小鸟(もりのことり),,2017年,
森川安娜,森川アンナ(もりかわあんな),,2017年,
菅野纱世,菅野世(かんのさよ),,2017年,
结月真白,Y月ましろ(ゆづきましろ),,2017年,
琴水圣罗,琴水せいら(ことみせいら),,2017年,
菊川三叶,菊川みつ叶(きくかわみつは),,2017年,
椿织里美,椿织さとみ(つばきおりさとみ),,2017年,
\本美D,\本美D(えのもとみさき),,2017年,
枢木葵,枢木あおい(くるるぎあおい),(C)82 59 88,2017年,（别名：山内爱）
爱叶里莉,爱叶りり(あいばりり),,2017年,
爱里留衣,爱里るい(あいりるい),(D)85 60 88,2017年,
爱美希,爱美希(あいせみき),,2017年,
爱世梦罗,凼坤らら（まなせくらら）,(E）85 56 88,2017年,
新海美绪奈,新海みおな(しんかいみおな),,2017年,
结月恭子,结月恭子(ゆづききょうこ),,2017年,
广美绪,みお(ひろせみお),,2017年,
绫乃千晶,c乃千晶(あやのちあき),,2017年,
辉月杏梨,x月あんり(きづきあんり),,2017年,
鲇川蕾,R川つぼみ(あゆかわつぼみ),,2017年,
S宫玲奈,S宫玲奈（しのみやれいな）Shinomiya Reina,,2017年,
美香,すみれ美香(すみれみか),,2017年,
优梨舞奈,梨まいな(ゆうりまいな),,2017年,
滨松爱季,I松奂(はままつあき),,2017年,
橘美铃,橘美(たちばなみすず),,2017年,
双叶良香,双~良香(ふたばよしか)Futaba Yoshika,(H)83 53 85,2017年,
野雅,野みやび(せのみやび),,2017年,
名光莉,名きらり(せなきらり),,2017年,
雾岛果步,Fuかほ(きりしまかほ),,2017年,
丰中アリス,N中アリス(とよなかありす),,2017年,
樱空桃,@空もも(さくらもも),,2017年,
优木いおり,木いおり(ゆうきいおり),,2017年,
N田爱菜,N田鄄(とよたまな),,2017年,
关根奈美,v根奈美(せきねなみ),,2017年,
响麻里子,まりこ(ひびきまりこ),,2017年,
鹰宫唯,mゆい(たかみやゆい),,2017年,
MIKA,MIKA,,2017年,
