麻生希 AV DEBUT,6月7日,Soft On Demand,STAR-362,,200分钟
麻生希 アナタのおち○ぽミルクを初ごっきゅん,7月5日,Soft On Demand,STAR-364,,155分钟
麻生希 初激イキ!×6コスプレ!×4FUCK!3时间SP,8月9日,Soft On Demand,STAR-369,,180分钟
麻生希 初めての颜射とk情SEX,9月6日,Soft On Demand,STAR-371,,115分钟
麻生希 见つめ合い?感じ合い?求め合う…本SEX“忍び撮り”4本番,10月6日,Soft On Demand,STAR-374,,190分钟
麻生希 初体Yづくしで“お漏らし”が止まらないお,11月8日,Soft On Demand,STAR-379,,130分钟
麻生希 超高级ソ`プ,12月20日,Soft On Demand,STAR-389,,125分钟
新感!目と耳で贵方を欲情させる淫语の岚“淫字语しようよ!”SOD STARS SUPER SPECIAL,12月20日,Soft On Demand,SDMT-864,纱仓まな 椎名理纱 @井彩,200分钟
麻生希 SUPER BEST COLLECTION Vol.1,1月10日,Soft On Demand,STAR-403,,300分钟
麻生希 24时间 いつでもどこでも即ハメ,1月24日,Soft On Demand,STAR-395,,135分钟
麻生希 性欲、醒 Rebirth,2月21日,Soft On Demand,STAR-404,,120分钟
麻生希 美人CAの卑猥な腰つき 欲情AIR LINE,3月23日,Soft On Demand,STAR-413,,105分钟
麻生希 STANDING SEX,4月25日,Soft On Demand,STAR-429,,135分钟
麻生希 愈されたい男达が最后に{り着く究极の超高级性感エステサロン,5月23日,Soft On Demand,STAR-438,,200分钟
麻生希 激イキ!×激吹き!×12コスプレ!×6FUCK!4时间SP,6月20日,Soft On Demand,STAR-449,,240分钟
麻生希 今でもアナタを爱してる 背预攘枞瑜喂てに… 美しき未亡人,7月18日,Soft On Demand,STAR-458,,110分钟
麻生希 おの厌らしい股间,8月22日,Soft On Demand,STAR-466,,130分钟
麻生希 美しいおと卑猥なフェラチオ,9月19日,Soft On Demand,STAR-472,,130分钟
麻生希 美しいおの浓密な接吻と淫靡な口唇,10月24日,Soft On Demand,STAR-478,,130分钟
美しいおのお下品な淫语と淫らな骑乘位,11月21日,Soft On Demand,STAR-483,,180分钟
初中出し天国 麻生希,12月19日,Soft On Demand,STAR-492,,125分钟
麻生希 激ピストン 无限突き大乱交,1月23日,Soft On Demand,STAR-500,,125分钟
纱仓まな×麻生希 Wキャスト ご奉仕天国,2月20日,Soft On Demand,STAR-506,纱仓まな,135分钟
纱仓まな×麻生希 Wキャスト 激イキ地狱,2月20日,Soft On Demand,STAR-507,纱仓まな,125分钟
麻生希 中出し超高级ソ`プ,3月20日,Soft On Demand,STAR-512,,120分钟
ぶっかけ×ごっくん×50k超！ 仆たちのザ`メンをおいしく饮んでくれるイヤラシイ保健室の先生 麻生希,4月24日,Soft On Demand,STAR-517,,125分钟
麻生希 电囊退 女教师中出し轮奸レイプ,5月22日,Soft On Demand,STAR-524,,188分钟
麻生希 ‘私の、すべて’引退记念作品集,6月19日,Soft On Demand,STAR-531,,240分钟
电母椿睿。÷樯希 肉食系エログラマラス,9月16日,MAXING,MXGS-682,,130分钟
麻生希 日けあと×ごっくんFUCK,10月16日,MAXING,MXGS-692,,130分钟
麻生希 ×ボンテ`ジQUEEN,11月16日,MAXING,MXGS-703,,130分钟
未亡人奴隶,12月16日,MAXING,MXGS-713,,125分钟
精子ヌキ狂い30连k！,1月16日,MAXING,MXGS-722,,131分钟
Rapist ～他人に性的v系を强いる女～,2月16日,MAXING,MXGS-733,,120分钟
イキまくる绝顶女神。,3月16日,MAXING,MXGS-742,,120分钟
别颜キャビンアテンダント,4月16日,MAXING,[MXGS-754],,120分钟
淫乱痴女ごっくんナ`ス×,5月16日,MAXING,MXGS-764,,120分钟
汗だくFUCK4本番,6月16日,MAXING,MXGS-775,,120分钟
昏睡キメセク ～媚a×催眠×泥E～,7月16日,MAXING,MXGS-785,,126分钟
风俗ちゃんねる42 麻生希,8月16日,MAXING,MXGS-795,,126分钟
今すぐヤりたい！再降临?超绝美女神 麻生希 5时间,8月16日,MAXING,MXSPS-395,,302分钟
淫缚 ～喉奥と颜面に络みつく精液～,10月16日,MAXING,MXGS-813,,119分钟
中出しマ●コ、くぱぁ。,11月16日,MAXING,MXGS-822,,119分钟
Fucking Machine SEX,12月16日,MAXING,MXGS-831,,131分钟
性玩具にされた美人女教师 平荬恃栅巧徒を性的虐待するサディスティック美人女教,1月16日,MAXING,MXGS-839,,141分钟
今すぐヤりたい！再降临?超绝美女神 麻生希 5时间 Vol.02,2月16日,MAXING,MXSPS-417,,305分钟
今すぐヤりたい！再降临?超绝美女神 麻生希 5时间 Vol.03,3月16日,MAXING,MXSPS-423,,306分钟
四肢缚兔-ししばくと,4月16日,MAXING,MXGS-863,,119分钟
高画质で魅せる麻生希のフェラチオ 5时间,7月16日,MAXING,MXSPS-448,,305分钟
今すぐヤりたい！再降临?超绝美女神 麻生希 4时间 Vol.04,10月16日,MAXING,MXSPS-473,,247分钟
麻生希 53本番8时间 全18タイトル コンプリ`トBEST,12月16日,MAXING,MXSPS-488,,484分钟
女体拷问研究所 THE THIRD JUDAS（ユダ）Episode-9 悲怆k狂ス`パ`モデル炔楣 子宫と宇宙と绝顶の凄绝なる涡,1月2日,Baby Entertainment,DJUD-109,,120分钟
セレビッチ！～诱惑の完全着衣～,1月13日,AVS collector's,DPMX-010,,120分钟
淫语中出しソ`プ59,2月12日,AVS collector's,AWT-074,,124分钟
麻生クラッシュ 淫パラノイア,5月15日,ドグマ,DDT-560,,105分钟
